,Broad business,Recession alerts,Industrial Production,Manufacturing,Services,Small Business sentix,Consumption,Consumers sentiment,Labour general,Labour HH survey,Labour estabilishment survey,Housing activity,Retail sales,corporate sales & margins,"Income, savings",Interest rates,Rates sentiment,CPI,CPI sentiment,PPI finished goods,BS_housing wealth,BS_housing refinancing,BS_current asset / liabilities,Savings rate ,Fed liquidity
30/04/2001,31.43939394,68.33333333,15.32738095,58.7037037,41.30952381,39.46428571,11.11111111,23.03030303,20.77586207,22.5,37.82608696,67.93831169,9.126984127,33.03030303,28.33333333,31.6025641,38.59126984,54.6957672,36.03174603,31.74603175,49.82142857,57.80612245,54.82142857,7.321428571,70.40816327
31/05/2001,31.67613636,72.8515625,19.09722222,62.41319444,39.50892857,51.08333333,23.95833333,37.64204545,26.13146552,22.265625,40.04755435,69.39393939,15.18518519,31.72348485,28.66666667,31.21995192,46.01851852,49.84567901,56.8452381,36.66666667,45.5,64.28571429,50.16666667,7,60.95238095
30/06/2001,42.31283422,68.75,17.96875,61.68300654,47.58403361,57.8125,30.88235294,46.52406417,24.6703854,20.79831933,38.77877238,58.87784091,16.31944444,27.36185383,50.625,35.20927602,36.37152778,51.38888889,52.94117647,46.875,59.78515625,66.60714286,45,7.34375,82.58928571
31/07/2001,47.34848485,55.55555556,15.68627451,68.75,45.23809524,49.41176471,25,54.04040404,30.5316092,21.77579365,40.2173913,62.63368984,13.07189542,27.44107744,49.21568627,31.43696581,33.49673203,58.36056645,19.57671958,32.67973856,58.75,69.74789916,48.38235294,11.47058824,54.62184874
31/08/2001,50.77751196,53.125,14.58333333,70.39473684,48.77819549,53.54166667,27.63157895,47.1291866,21.9600726,16.16541353,37.75743707,59.46969697,26.2345679,30.94098884,26.85185185,29.78238866,39.35185185,49.02263374,37.3433584,20.67901235,67.8125,65.87301587,52.63888889,17.15277778,82.93650794
30/09/2001,41.36363636,60.9375,26.20614035,60.55555556,49.10714286,61.18421053,9.166666667,14.14772727,15.99137931,17.58928571,34.23913043,56.75837321,29.53216374,29.01515152,32.80701754,30.04807692,37.64619883,48.29434698,19.4047619,22.22222222,55.69078947,58.0075188,59.73684211,15,73.30827068
31/10/2001,44.26406926,58.03571429,26.04166667,34.06084656,25.68027211,48.1875,41.66666667,22.61904762,11.10426929,14.79591837,32.99689441,39.09090909,4.722222222,31.45743146,27.83333333,25.8470696,64.79166667,44.67592593,16.66666667,24.16666667,45.15625,56.25,58.5,9.5,78.92857143
30/11/2001,48.45041322,64.77272727,31.54761905,50.56818182,38.96103896,41.78571429,31.43939394,23.96694215,16.30094044,14.73214286,33.2756917,35.76839827,30.42328042,22.79614325,60.15873016,33.78496503,44.84126984,46.11992945,9.74025974,7.407407407,56.51785714,60.27210884,63.33333333,8.452380952,89.79591837
31/12/2001,61.16600791,58.83152174,27.46212121,60.50724638,38.12111801,45.73863636,40.2173913,55.92885375,20.29610195,13.81987578,31.89981096,70.76446281,30.05050505,30.63241107,59.24242424,43.10200669,33.01767677,47.64309764,18.2194617,4.545454545,34.77272727,76.62337662,58.86363636,8.465909091,66.55844156
31/01/2002,66.42992424,68.22916667,36.73007246,62.26851852,49.4047619,57.77173913,21.52777778,69.03409091,27.26293103,16.48065476,33.87681159,72.08498024,33.81642512,27.96717172,58.69565217,42.78846154,42.33091787,39.09017713,38.19444444,4.830917874,77.37771739,73.29192547,61.68478261,13.47826087,78.88198758
28/02/2002,67.13636364,66.875,53.125,69.72222222,51.5,53.48958333,28.33333333,65.81818182,36.75862069,21.46428571,32,58.33333333,48.37962963,35.45454545,39.86111111,41.80769231,52.83564815,39.13966049,38,11.11111111,60.36458333,72.70833333,61.14583333,22.86458333,66.66666667
31/03/2002,75.56818182,65.625,54.625,65.5982906,57.28021978,49.9,49.67948718,79.1520979,38.94230769,24.31318681,35.11705686,60.0625,49.11111111,22.43589744,48.4,50.16642012,46.88888889,37.7037037,53.93772894,14.77777778,56.1,68.6,63.2,25.25,79.71428571
30/04/2002,70.95959596,67.93981481,66.14583333,63.01440329,57.14285714,67.59615385,46.2962963,74.24242424,40.61302682,29.23280423,36.57407407,55.31850962,39.52991453,23.73737374,52.17948718,48.80698006,62.01923077,40.0997151,56.79012346,24.46581197,66.92307692,78.73626374,40.96153846,36.05769231,73.9010989
31/05/2002,75.68993506,65.84821429,65.00771605,57.29166667,66.19897959,66.57407407,31.25,78.93668831,47.62931034,31.34566327,41.09083851,46.41203704,69.5473251,36.63419913,46.04938272,47.06387363,66.97530864,45.09602195,61.9047619,31.06995885,56.2037037,74.31216931,37.59259259,39.07407407,69.04761905
30/06/2002,63.32288401,63.25431034,74.88839286,50.81417625,62.31527094,60.40178571,41.95402299,54.54545455,49.33115339,31.95812808,44.45277361,50.83705357,42.85714286,36.52037618,41.54761905,38.6770557,62.64880952,39.83134921,59.85221675,25.89285714,70.46875,71.58163265,68.03571429,39.24107143,77.80612245
31/07/2002,53.125,58.125,81.4295977,39.90740741,42.61904762,56.1637931,49.16666667,33.75,41.55555556,35.35714286,41.44927536,52.8825431,40.42145594,38.03030303,44.48275862,40.46474359,53.44827586,36.20689655,56.66666667,29.11877395,62.59698276,62.53694581,68.75,34.26724138,71.92118227
31/08/2002,48.58870968,52.11693548,75.83333333,29.43548387,52.64976959,50.375,51.34408602,34.97067449,47.52688172,38.91129032,41.44460028,47.78645833,34.07407407,36.99902248,56.33333333,40.19851117,65.32407407,33.59567901,48.84792627,29.90740741,72.28125,57.19047619,59.875,23.91666667,66.9047619
30/09/2002,49.18619792,46.09375,69.48924731,35.80729167,63.05803571,48.5483871,44.01041667,39.80823864,48.34635417,42.82924107,38.85869565,40.49899194,22.40143369,42.28219697,59.67741935,37.81550481,57.57168459,39.979092,35.56547619,31.1827957,60.49395161,57.11981567,77.13709677,21.77419355,68.66359447
31/10/2002,39.48863636,52.36742424,59.21223958,49.91582492,67.91125541,51.5625,29.54545455,27.61707989,51.22474747,44.26406926,45.8168643,66.43066406,15.79861111,43.48025712,55.3125,43.10897436,34.98263889,40.94328704,57.86435786,32.98611111,59.609375,56.65178571,77.1484375,22.65625,62.94642857
30/11/2002,42.67769608,61.76470588,53.31439394,41.62581699,68.43487395,57.04545455,40.44117647,35.76203209,43.50490196,41.2289916,45.02877238,52.65151515,42.76094276,37.87878788,40.1010101,41.7138009,44.86531987,38.10325477,48.52941176,52.27272727,57.86931818,63.16017316,66.09848485,25.53030303,65.58441558
31/12/2002,44.64285714,57.23214286,64.88970588,53.05555556,61.17346939,60.25735294,63.0952381,35.32467532,38.97619048,42.27040816,42.04968944,60.06433824,42.32026144,39.6969697,45.78431373,36.68956044,40.31862745,40.48202614,50.06802721,50.16339869,53.06985294,61.61764706,70.47794118,20.91911765,65.75630252
31/01/2003,50.08680556,56.33680556,51.78571429,56.21141975,60.56547619,39.67857143,53.24074074,33.39646465,44.93055556,50.44642857,45.13888889,57.56696429,44.12698413,42.17171717,55.33333333,38.83547009,59.44444444,44.98677249,50.46296296,33.33333333,69.51785714,53.44897959,56.48809524,21.07142857,87.55102041
28/02/2003,40.31531532,48.64864865,64.40972222,52.55255255,51.93050193,44.86111111,45.4954955,18.27395577,41.65540541,47.8523166,40.70211516,59.85243056,50.77160494,50.98280098,54.90740741,36.36954262,50.38580247,44.49588477,71.87902188,52.4691358,49.35763889,57.04365079,60.41666667,30.9375,74.20634921
31/03/2003,24.89035088,54.93421053,64.55518018,40.67982456,28.0075188,33.37837838,55.92105263,15.75956938,41.0745614,45.11278195,38.15789474,38.61908784,24.92492492,49.56140351,48.37837838,40.59969636,58.93393393,43.66866867,65.35087719,73.12312312,50.5152027,55.55984556,46.22747748,32.63513514,77.22007722
30/04/2003,43.99038462,51.24198718,63.84320175,40.5982906,30.81501832,31.11842105,46.79487179,52.27272727,42.76709402,45.05494505,37.52787068,41.48848684,48.68421053,49.06759907,56.22807018,37.5,58.99122807,43.72563353,36.63003663,85.23391813,59.49013158,61.05263158,60.14254386,29.375,76.5037594
31/05/2003,47.70833333,40.078125,46.875,51.80555556,34.91071429,45.44871795,53.54166667,68.15340909,39.08333333,48.28125,40.0951087,44.45112179,40.17094017,53.29545455,52.22222222,32.65625,40.70512821,36.41975309,33.63095238,48.00569801,58.00480769,59.94505495,61.32478632,26.89102564,80.58608059
30/06/2003,55.51321138,48.24695122,36.35416667,57.58807588,66.11498258,44.40625,52.23577236,63.35920177,40.75203252,49.86933798,40.88016967,58.28125,36.11111111,54.50849963,56.41666667,33.68902439,55.24305556,32.08333333,36.29500581,38.61111111,69.7890625,51.42857143,56.19791667,27.03125,73.21428571
31/07/2003,64.6577381,60.19345238,41.2601626,57.01058201,69.64285714,61.76829268,60.71428571,59.11796537,40.09920635,46.17346939,41.92546584,70.35060976,73.03523035,52.34487734,54.55284553,49.7481685,46.20596206,33.36720867,41.09977324,45.39295393,63.49085366,53.43205575,54.67479675,25.24390244,68.98954704
31/08/2003,66.32751938,64.89825581,51.19047619,70.05813953,67.02657807,63.30357143,75.7751938,59.80443975,49.04069767,50.72674419,43.35187058,74.27455357,77.91005291,63.28400282,45.79365079,60.14087657,37.00396825,36.01190476,54.76190476,47.35449735,77.73809524,73.0952381,58.13492063,27.5,76.19047619
30/09/2003,62.09753788,54.90056818,49.66085271,67.01388889,60.6737013,76.1627907,72.34848485,54.57128099,47.72727273,54.34253247,49.27124506,67.36918605,88.75968992,59.95179063,50.46511628,57.29895105,40.92377261,37.84453058,62.44588745,59.10852713,66.73126615,81.74418605,52.85852713,38.45930233,76.07973422
31/10/2003,63.58974359,54.44444444,61.90814394,67.00617284,73.92857143,67.07386364,65.74074074,64.5959596,59.25925926,60.67460317,51.24396135,61.84303977,88.13131313,60.37037037,61.43939394,55.10683761,46.24368687,37.75252525,74.97354497,48.23232323,72.10858586,75.34090909,49.0530303,44.43181818,67.69480519
30/11/2003,65.92809365,58.49184783,60.18518519,61.71497585,51.47515528,71.44444444,60.32608696,71.24505929,64.75543478,62.81055901,51.38232514,64.79166667,80.12345679,68.67588933,60.96296296,52.04849498,52.34567901,38.46707819,64.54451346,65.30864198,65.97530864,74.58730159,50.37037037,38.02222222,65.23809524
31/12/2003,66.85761047,58.97606383,71.19565217,69.29669031,56.30699088,74.45652174,61.17021277,79.61798839,72.7570922,64.79863222,53.3533765,65.55706522,80.9178744,66.31205674,65.43478261,56.04541735,65.51932367,35.38647343,65.60283688,58.33333333,51.37077295,74.73602484,57.01992754,41.56521739,58.85093168
31/01/2004,77.12339744,50.84635417,68.52836879,58.21759259,64.76934524,76.25,72.04861111,88.21022727,66.90104167,67.41071429,55.10643116,59.30851064,62.41134752,66.88762626,56.80851064,49.36899038,57.68321513,38.55397951,69.54365079,64.12529551,67.1749409,79.16413374,58.28900709,46.85106383,56.99088146
29/02/2004,65.7967033,46.68367347,66.03732639,51.81405896,59.51166181,73.09895833,59.86394558,63.3812616,64.85544218,64.7048105,55.82298137,51.82291667,76.73611111,63.04885591,61.45833333,46.60518053,46.49884259,42.93981481,66.6180758,65.74074074,62.87037037,70.05952381,50.08680556,31.66666667,41.28787879
31/03/2004,64.61538462,44.4375,70.91836735,54.38888889,59.07142857,54.43877551,72.33333333,67.18181818,62.875,70.66071429,62.42391304,56.87181122,67.34693878,68.03030303,59.65986395,47.60576923,53.1462585,44.49347306,75.19047619,54.76190476,61.09410431,68.49854227,49.02210884,32.37609329,30.14842301
30/04/2004,55.80693816,56.18872549,55.89583333,65.27777778,45.86834734,50.1,61.92810458,58.04367201,69.66503268,73.7219888,64.36487639,68.78125,84.44444444,69.84551396,65.26666667,63.40497738,37,43.72072072,78.24463119,56.55555556,59.23888889,66.42857143,33.125,29.01428571,45.81818182
31/05/2004,48.74260355,53.60576923,67.11601307,53.25854701,53.70879121,63.75,70.67307692,46.72202797,67.26762821,77.26648352,68.11245819,69.13296569,73.52941176,73.89277389,57.05882353,69.11057692,43.54575163,46.19325208,86.58424908,62.20043573,72.09694989,78.22128852,36.56045752,34.66386555,44.56327986
30/06/2004,50.10885341,49.94103774,71.63461538,36.71383648,36.05121294,61.92307692,47.79874214,61.55660377,65.81761006,77.30795148,64.77645611,68.31430288,80.02136752,71.3836478,63.14102564,72.38751814,51.36217949,52.31288981,76.63971249,85.04273504,77.42521368,83.20054945,59.57532051,40.86538462,41.78321678
31/07/2004,52.24358974,45.25462963,56.91823899,44.83024691,52.24867725,51.72169811,63.27160494,67.46632997,69.56790123,72.4702381,59.79267311,43.91214623,65.82809224,68.88327722,48.36477987,68.11787749,59.53878407,53.28913819,57.49559083,78.82599581,74.39203354,84.94609164,61.91037736,45.64690027,39.10806175
31/08/2004,53.63636364,38.80681818,63.7345679,36.66666667,32.20779221,69.25925926,52.12121212,62.91322314,64.59090909,71.23376623,59.10079051,52.57523148,56.6872428,68.56749311,61.2962963,58.08566434,60.41666667,50.70904238,52.16450216,59.67078189,67.71604938,80.8994709,49.92283951,46.9973545,42.34006734
30/09/2004,50.94436813,40.84821429,59.39393939,41.29464286,50.06377551,51.65909091,70.38690476,59.03003247,66.59970238,73.56505102,59.63703416,58.67897727,56.86868687,65.4491342,55.57575758,59.23763736,62.8030303,45.24979525,45.40816327,56.56565657,65.04040404,73.42857143,54.50757576,45.55844156,44.38016529
31/10/2004,49.91565452,32.78508772,66.33184524,37.40253411,42.29323308,58.75,77.92397661,40.17145136,57.22953216,74.26378446,64.16857361,52.62276786,58.73015873,63.50345561,61.60714286,56.96693657,50.32242063,43.22715573,64.28571429,54.26587302,74.21130952,71.69642857,59.04017857,45.30612245,46.95616883
30/11/2004,49.22082228,35.31788793,74.87207602,47.43773946,52.67857143,45.04385965,73.99425287,47.6684953,62.55028736,73.33743842,62.01274363,63.89802632,70.46783626,51.04493208,64.03508772,63.56929708,57.21247563,50.41883989,48.44006568,90.05847953,64.20565302,69.27318296,46.38157895,43.4085213,38.59649123
31/12/2004,54.09061278,34.90466102,70.06106322,51.85969868,51.2409201,68.06034483,82.06214689,66.02465331,63.02966102,72.13983051,63.25534267,41.6487069,77.49042146,55.2645095,57.98850575,64.21936115,43.84578544,55.25784405,59.68523002,91.95402299,61.75766284,69.81527094,53.6637931,44.17487685,48.27586207
31/01/2005,48.01282051,32.5,86.86440678,46.80555556,47.44047619,73.15677966,56.94444444,51.96969697,65.45833333,69.44940476,63.94021739,60.54025424,83.05084746,58.25757576,47.28813559,64.51923077,45.03295669,50.40464193,49.44444444,83.42749529,68.08851224,70.73849879,52.96610169,44.9031477,39.29121726
28/02/2005,51.52900378,32.50512295,78.94097222,47.76867031,51.63934426,49.85416667,64.48087432,54.39642325,59.69945355,78.46896956,69.24447612,52.96875,85.46296296,60.82960755,53.16666667,67.11065574,40.71759259,46.47897898,52.10772834,72.59259259,70.35185185,71.13095238,50.10416667,44.01190476,45.60606061
31/03/2005,51.20967742,35.50907258,86.2192623,40.23297491,49.51036866,58.21721311,52.28494624,48.86363636,63.95833333,76.25288018,65.72580645,65.24077869,86.15664845,66.34897361,53.82513661,74.97673697,36.49817851,47.28252843,65.20737327,57.92349727,71.19307832,72.89227166,54.54234973,51.49882904,48.43517139
30/04/2005,43.20818071,32.51488095,78.29301075,50.72751323,39.88095238,56.14919355,79.1005291,35.64213564,61.15079365,76.07709751,66.93409248,46.92540323,76.70250896,65.1034151,52.20430108,69.13156288,54.81630824,53.52368498,67.80045351,70.43010753,71.73835125,78.04147465,62.3655914,56.38248848,42.37536657
31/05/2005,40.15925481,28.80859375,70.55224868,49.43576389,44.61495536,34.26587302,49.08854167,39.96803977,65.97005208,75.48828125,67.65455163,51.02926587,82.62786596,62.76041667,64.28571429,60.69711538,58.70811287,57.47890748,53.34821429,61.24338624,71.27865961,72.99319728,67.39417989,57.43764172,39.53823954
30/06/2005,53.72781065,25.45673077,61.10026042,54.14529915,45.65934066,42.8125,69.23076923,52.29020979,64.32051282,78.72252747,71.64715719,49.68261719,64.40972222,57.80885781,56.09375,55.30325444,53.58072917,47.65625,42.30769231,42.64322917,70.04340278,67.66741071,40.625,55.49107143,30.75284091
31/07/2005,58.71212121,26.30208333,69.375,59.4486532,56.03354978,49.11538462,81.18686869,54.71763085,65.73232323,81.50703463,76.34222661,59.53125,74.78632479,57.00183655,53.48717949,66.91433566,40.85470085,43.41649342,43.29004329,39.83974359,63.53846154,63.93406593,38.60576923,52.12087912,35.87412587
31/08/2005,46.75660161,19.44962687,57.13383838,62.52072968,56.10341151,51.78030303,74.50248756,42.87652646,67.54975124,82.12953092,76.65476963,57.32717803,67.42424242,58.66123926,64.09090909,68.9293915,57.61784512,46.02784603,57.24946695,53.91414141,61.44360269,68.73376623,44.88636364,54.5021645,33.815427
30/09/2005,25.56561086,27.75735294,56.28109453,60.31454248,39.72886029,49.6641791,62.00980392,12.03208556,55.15931373,76.47058824,70.93190537,49.63852612,75.45605307,52.87433155,65.02487562,71.32352941,50.04145937,49.39491731,83.71848739,62.99751244,61.09038143,70.35181237,43.19029851,56.37526652,43.01221167
31/10/2005,25.7664437,24.86413043,40.08884804,63.60708535,45.42572464,39.26470588,51.57004831,13.0599473,58.61111111,74.31418219,64.9968494,51.42463235,83.66013072,54.6113307,65.04901961,79.29208473,56.29084967,54.79597244,63.83712905,71.07843137,56.33986928,70.42016807,42.12622549,53.82352941,42.61363636
30/11/2005,41.03021978,29.77678571,51.50966184,60.07936508,37.70089286,63.42391304,52.14285714,29.9512987,54.5952381,76.76020408,70.22515528,37.66983696,93.07568438,56.1038961,58.30917874,80.3228022,60.72866345,54.51756104,71.53061224,64.43236715,50.99838969,74.34782609,44.41425121,56.873706,28.52437418
31/12/2005,54.76706392,20.4665493,54.0327381,60.23082942,43.9040493,47.51785714,40.14084507,53.6971831,62.32981221,79.59004024,71.88456828,43.88392857,83.57142857,54.99359795,60.23809524,75.33179848,62.28174603,56.1003861,46.4453387,58.54166667,47.41269841,78.08163265,40.0297619,61.12244898,34.80519481
31/01/2006,51.96314103,16.796875,64.407277,55.82561728,35.39496528,43.94366197,54.97685185,55.05050505,70.46296296,79.74950397,71.35416667,23.65757042,73.86541471,55.78703704,49.43661972,71.52110043,55.02738654,53.14046441,52.74470899,52.23004695,40.12519562,79.82897384,39.4806338,62.16297787,47.24711908
28/02/2006,51.71232877,16.26712329,60.27199074,58.29528158,39.57619863,40.85069444,55.93607306,43.11955168,65.06849315,79.94129159,72.36450268,40.4296875,91.82098765,50.83022001,52.17592593,71.6938883,58.25617284,53.27827828,45.82517939,51.01273148,39.66049383,75.25793651,43.75,62.91666667,32.95454545
31/03/2006,52.5987526,28.80067568,48.35901826,56.98198198,33.50929054,49.77739726,56.08108108,58.50737101,67.20157658,82.4203668,75.8666275,29.36643836,82.80060883,57.41195741,49.17808219,75.46777547,62.89954338,51.24028138,28.44272844,38.18493151,37.40487062,77.6223092,46.86073059,61.34050881,37.85803238
30/04/2006,50.57692308,35.33333333,58.57263514,45.62962963,49.3125,40.27027027,51.88888889,57.28787879,67.70555556,80.88095238,74.65217391,29.52913851,77.62762763,54.44444444,48.33333333,75.74358974,63.92642643,53.67056245,57.11111111,30.85585586,34.1966967,77.80888031,46.70608108,63.41698842,31.57248157
31/05/2006,28.77024291,36.71875,57.91666667,50.38377193,32.17516447,48.81666667,63.04824561,35.52631579,63.69517544,73.14379699,67.01229977,22.42708333,76.74074074,62.83891547,53.64444444,76.63208502,45.33333333,49.96996997,72.18045113,34.77777778,35.79259259,80.71428571,44.41666667,63.93333333,44.96969697
30/06/2006,31.49350649,28.97727273,55.19462719,51.38888889,55.4586039,40.67434211,52.92207792,31.89197166,61.85606061,68.83116883,63.46696781,21.58717105,35.5994152,58.10704447,59.78070175,80.47577423,58.69883041,56.32408725,59.36920223,50.60307018,36.04897661,83.23308271,29.57785088,65.52631579,49.40191388
31/07/2006,30.1035503,23.71794872,54.50487013,51.95868946,46.97516026,38.13311688,55.34188034,35.02331002,52.28098291,64.90384615,62.06103679,18.60795455,40.90909091,57.80885781,55.8008658,75.06780079,56.45743146,58.02035802,45.78754579,51.56926407,36.91197691,83.79406308,28.93668831,68.57142857,29.51593861
31/08/2006,36.81840312,22.23101266,49.31891026,38.62517581,43.47310127,46.45833333,40.71729958,36.95339471,54.87341772,63.16681736,61.52311502,13.36137821,32.12250712,58.91829689,53.71794872,65.71324245,57.65669516,56.86070686,65.46112116,29.16666667,36.78774929,81.98717949,33.26655983,69.23076923,35.69347319
30/09/2006,42.80048077,20.78125,61.69567511,50.20833333,45,32.8164557,41.14583333,61.19318182,62.63541667,62.1875,64.59918478,13.46914557,33.05203938,54.33712121,49.49367089,57.12139423,47.96061885,55.6562892,30.77380952,46.99367089,33.95218003,78.11030741,35.2056962,59.15913201,39.52819333
31/10/2006,54.76020893,18.0941358,55.6640625,46.50205761,37.7507716,62.75,30.24691358,72.02581369,65.97736626,59.76631393,60.80246914,16.796875,35.34722222,52.20725776,48.75,55.31220323,44.13194444,44.59459459,22.8101117,20.41666667,32.54166667,69.86607143,35.53385417,56.44642857,32.27272727
30/11/2006,51.65337711,19.47408537,50.64300412,43.68224932,56.25,50.40123457,28.7601626,71.90964523,63.1504065,61.07360627,64.49496288,15.92399691,30.79561043,68.16334072,43.33333333,50.84427767,50.56584362,41.59159159,17.79907085,13.3744856,31.79012346,69.72663139,35.62242798,52.49559083,32.60381594
31/12/2006,50.60240964,28.91566265,42.44156504,40.24431058,37.01054217,54.51219512,39.55823293,64.08817087,61.60140562,62.7151463,65.84599267,25.16196646,25.67750678,64.00146039,44.18699187,53.168443,43.90243902,36.98637662,35.25530694,22.96747967,33.56368564,69.79094077,45.80792683,49.03310105,32.15077605
31/01/2007,55.48305861,35.04464286,60.09036145,60.43320106,58.09151786,34.75903614,42.65873016,71.49621212,58.93849206,66.45408163,68.44591097,37.71649096,50.0669344,65.67460317,54.41767068,55.88369963,49.28045515,38.20688158,37.75510204,30.57228916,43.89892905,73.17555938,45.75803213,47.12564544,42.1686747
28/02/2007,56.57239819,32.27941176,52.07093254,61.04575163,41.72794118,40.49107143,49.60784314,67.5802139,61,61.09243697,64.79539642,30.59895833,47.15608466,46.84491979,56.94444444,56.64027149,42.75793651,46.91655942,26.55462185,38.74007937,45.33068783,66.37755102,45.80853175,48.30782313,47.9978355
31/03/2007,46.93649374,32.68531977,68.88480392,54.00516796,48.51017442,45.70588235,39.8255814,46.33985201,59.71414729,62.28197674,63.65015167,30.51470588,36.79738562,50.98661029,61.84313725,54.64557245,41.2745098,56.20031797,37.90143965,45.88235294,44,65.40336134,45,50.5210084,42.2459893
30/04/2007,42.48452697,46.08477011,60.64680233,62.14878672,51.14942529,44.59302326,35.91954023,35.553814,50.37835249,53.72536946,62.30634683,25.11809593,55.74935401,48.85057471,62.13178295,52.71330681,55.02260982,58.32285774,55.52818829,56.25,45.62015504,63.34717608,49.39437984,48.67109635,42.81183932
31/05/2007,50.85227273,55.62855114,76.30507663,57.05492424,41.74360795,34.38218391,46.875,47.86931818,54.3844697,56.98051948,63.15464427,30.94468391,17.81609195,46.47038567,55.21072797,57.22792832,38.29821201,60.41731387,52.75974026,65.3256705,45.6449553,66.94581281,50.09578544,47.55336617,36.8861024
30/06/2007,51.01555748,57.86516854,68.14630682,66.27652934,53.05477528,43.125,28.74531835,40.9473953,47.17228464,54.35393258,59.14142648,23.10014205,35.66919192,44.02451481,53.97727273,63.596586,45.59659091,55.86097461,46.17442483,62.12121212,44.26767677,67.28084416,53.48011364,49.96753247,34.96900826
31/07/2007,47.69230769,42.95138889,59.21114232,54.56790123,26.35416667,44.60674157,29.90740741,60.17676768,48.66666667,52.41071429,53.04951691,24.09585674,39.95006242,41.34680135,46.70411985,65.8707265,42.79026217,56.3670412,60.42328042,56.41385768,44.36953808,70.91492777,51.36938202,54.68699839,36.51685393
31/08/2007,34.80557904,55.21978022,53.55324074,55.87606838,37.5,49.625,37.27106227,36.81318681,43.85531136,43.6911303,50.63306259,17.66493056,30.80246914,55.27805528,45.66666667,59.41462384,47.20679012,56.78178178,40.68550497,62.5462963,44.7654321,71.16666667,49.79166667,53.3968254,32.82828283
30/09/2007,36.8833612,59.90149457,44.64285714,63.87379227,38.6548913,41.75824176,41.57608696,32.02816206,43.80434783,44.12849379,53.44990548,15.08413462,38.64468864,53.7055336,53.003663,52.71216555,59.05067155,53.37590338,44.22877847,38.94230769,39.26434676,70.47880691,45.53571429,50.21978022,33.91608392
31/10/2007,29.90074442,58.06451613,48.98097826,34.91636798,51.88172043,44.18478261,43.01075269,20.55229717,40.90949821,45.99654378,53.86278635,13.22180707,25.9057971,53.45389378,57.2826087,48.10794045,52.7173913,55.56698002,38.4280594,56.45380435,28.93417874,66.00931677,44.81431159,41.73136646,51.92687747
30/11/2007,26.41162029,51.13031915,39.38172043,39.81973995,42.96875,42.12365591,52.83687943,14.14410058,39.2287234,51.75721884,55.68917669,23.33669355,26.28434886,46.56673114,55.8781362,42.55319149,54.28614098,60.71393975,61.98074975,67.60752688,29.43847073,59.07834101,44.15322581,37.25038402,43.84164223
31/12/2007,25.27327935,47.5,50.79787234,37.39766082,42.23684211,33.01861702,42.54385965,19.97607656,33.10087719,48.47744361,55.39473684,27.59308511,58.80614657,46.523126,64.92907801,44.12449393,58.03782506,69.48917002,69.49874687,80.67375887,34.43853428,53.32066869,41.97695035,33.60942249,37.3549323
31/01/2008,27.28365385,67.54557292,45.14254386,34.86689815,41.06445313,51.55263158,37.5,18.72632576,34.53993056,44.99627976,54.7044837,16.82565789,33.4502924,49.92108586,61.64912281,36.40825321,70.90643275,68.47321005,56.07638889,77.25877193,36.34502924,60.65413534,41.83114035,31.42857143,34.97607656
29/02/2008,21.33227597,63.04768041,47.74305556,50.3722795,44.3943299,26.58854167,17.61168385,15.07731959,34.77233677,40.85051546,51.26064545,21.20768229,24.76851852,51.81193377,57.67361111,42.28786677,59.78009259,72.33014264,56.50466372,79.38368056,34.95949074,49.27827381,42.91449653,16.91964286,53.92992424
31/03/2008,19.24058085,66.16709184,30.90635739,38.7755102,38.66390306,35.50257732,23.04421769,8.36038961,30.73554422,38.41107872,47.69299024,29.28479381,7.560137457,53.3240569,49.31271478,38.81475667,43.57101947,66.58772174,68.70748299,71.99312715,35.7416953,58.96907216,43.29896907,14.22680412,39.97188379
30/04/2008,17.61849262,72.08017677,24.9787415,45.0617284,40.38825758,17.75510204,25.16835017,5.6359045,30.78282828,36.72438672,44.19740887,27.55899235,9.013605442,53.53535354,50.03401361,44.11907537,51.2329932,65.51296194,83.38143338,81.20748299,40.96938776,59.803207,37.15986395,11.71282799,31.0296846
31/05/2008,22.78846154,71.4375,19.41287879,37.20833333,41.3125,29.48232323,36.25,10.54545455,18.97083333,32.29464286,40.98913043,29.81376263,13.97306397,56.40909091,53.03030303,49.25,59.25925926,62.74001274,82.73809524,75.67340067,33.45679012,70.76479076,36.58459596,18.60750361,40.86317723
30/06/2008,16.82216299,73.79331683,13.875,36.30363036,28.6509901,27.4375,42.57425743,6.919441944,20.18976898,27.71393211,38.99591046,25.359375,42.11111111,59.48094809,59.7,53.15594059,64.33333333,64.5,92.47996228,79.45833333,38.36111111,76.17142857,33.79166667,24.03571429,53.22727273
31/07/2008,20.93702866,66.66666667,15.22277228,48.66557734,42.24877451,34.03465347,32.02614379,17.32397504,18.35375817,27.38970588,39.55669224,38.34313119,41.58415842,57.29352347,59.37293729,57.90441176,50.02750275,69.48086701,83.70681606,84.15841584,37.28822882,81.33663366,32.80734323,31.11032532,39.06390639
31/08/2008,30.93726662,67.61225728,15.15522876,41.302589,38.75910194,31.62990196,24.8381877,32.51323919,18.03398058,25.84084605,36.80878008,27.48161765,52.12418301,54.53074434,52.51633987,55.45649739,75,70.22169228,66.78224688,85.25326797,37.44553377,80.82633053,33.44566993,44.67086835,54.07754011
30/09/2008,40.10724852,75.78125,8.980582524,36.91239316,40.65504808,45.13349515,7.852564103,49.5083042,15.23237179,23.32589286,30.91032609,29.58131068,19.30960086,50.59731935,43.39805825,51.79363905,65.76321467,70.16968425,42.92582418,79.24757282,37.8425027,84.31345354,34.54692557,46.07489598,42.89496911
31/10/2008,21.24542125,80.25297619,1.342147436,29.04761905,33.70535714,45.34855769,3.412698413,25.56277056,9.392857143,19.45578231,28.86128364,31.40024038,3.792735043,51.34199134,35.09615385,56.6025641,71.98183761,63.88167013,22.87981859,68.22916667,29.89049145,69.38186813,35.48677885,45.95467033,59.09090909
30/11/2008,21.16291727,74.89681604,4.801587302,34.77463312,30.98466981,29.1547619,0.864779874,27.95883362,13.24685535,15.24595687,26.11259229,23.08035714,0.582010582,38.95082905,27.71428571,48.17216981,76.81216931,52.61690262,15.2066487,40.35714286,28.66137566,75.43537415,36.09126984,37.15646259,63.41991342
31/12/2008,26.86017254,61.39018692,9.198113208,29.60799585,35.80607477,26.50943396,1.012461059,25.46728972,7.114485981,11.51535381,23.87240959,20.71786557,0.471698113,36.2786746,32.42138365,40.18691589,71.71121593,43.85942546,8.967512239,23.78144654,25.11792453,52.62803235,37.55896226,32.16307278,64.96569468
31/01/2009,31.55270655,64.19270833,10.04672897,34.52932099,38.06423611,21.58878505,4.62962963,35.89015152,10.45138889,9.465939153,23.55575684,25,0.46728972,30.09259259,21.83800623,39.84152422,64.03167186,39.35758188,15.03527337,20.09345794,29.90913811,48.97196262,40.16744548,13.06408545,65.37807986
28/02/2009,30.32815808,69.7391055,5.073302469,32.77268094,48.72419725,30.69444444,6.880733945,22.13302752,7.981651376,10.12450852,21.44994017,22.80815972,2.00617284,24.40922991,19.47530864,41.42554693,56.19855967,36.48231565,18.58890345,14.27469136,25.94135802,57.50661376,39.76658951,10.42328042,64.77272727
31/03/2009,27.12412587,63.80681818,3.78440367,61.76767677,45.09943182,24.07110092,8.03030303,23.16115702,8.329545455,7.532467532,19.28853755,29.70900229,2.344546381,16.184573,24.9235474,45.19667832,62.2961264,37.28820564,22.20779221,15.48165138,25.03567788,57.36566186,43.6735474,8.368283093,64.17848207
30/04/2009,42.99203049,68.66554054,9.772727273,65.22772773,59.64245495,26.82954545,5.405405405,60.84152334,15.00750751,8.317245817,18.67900509,26.73295455,2.171717172,16.22986623,19.72727273,41.63634789,70.68181818,39.43898444,16.70956671,15.71969697,28.23484848,50.33766234,41.20265152,8.681818182,64.66942149
31/05/2009,51.43372253,72.79575893,9.403153153,65.4389881,46.47042411,41.41891892,9.375,73.12297078,19.52008929,10.73820153,19.40023292,40.68834459,5.705705706,14.51569264,15.94594595,44.74158654,66.05355355,35.43137732,30.56972789,14.71471471,28.74374374,49.88416988,41.00037538,10.01930502,65.43816544
30/06/2009,58.59428182,74.37776549,7.979910714,68.38741396,62.56913717,45.83705357,28.76106195,72.65687852,25.66371681,12.48419722,19.78645633,47.34235491,5.109126984,19.34835076,28.48214286,49.59581348,77.77777778,32.92712355,54.23514539,15.77380952,37.74801587,57.42984694,42.70833333,11.49872449,60.71428571
31/07/2009,58.42611336,70.72368421,13.82743363,74.25682261,48.23190789,48.49557522,28.58187135,62.59968102,25.52997076,13.3693609,18.23512586,51.20990044,7.915437561,21.06592238,28.76106195,43.31983806,75.33185841,37.62656462,42.79448622,45.68584071,39.5993117,73.77370417,45.07743363,10.09481669,42.92035398
31/08/2009,58.26923077,67.85326087,26.53508772,70.09661836,67.16032609,46.22807018,43.69565217,55.03952569,31.02898551,15.01552795,19.48487713,55.84566886,20.32163743,17.9314888,39.67836257,41.58026756,72.40497076,35.42358148,47.01863354,26.09649123,43.41130604,66.79824561,45.48611111,9.028822055,54.26634769
30/09/2009,62.88129973,65.32866379,44.10326087,66.33141762,55.078125,48.23913043,26.93965517,65.07641066,29.5941092,17.60314039,22.14673913,54.14402174,17.0531401,18.69122257,40.95652174,37.09797745,64.22705314,35.75793184,34.21592775,42.08333333,40.95652174,63.60869565,59.51086957,10.57763975,62.80632411
31/10/2009,64.08612755,63.78205128,59.35704023,46.41500475,64.47649573,55.23706897,32.54985755,63.04390054,30.45940171,17.91056166,23.21627648,54.76831897,15.85249042,20.57757058,36.17816092,36.28369494,60.83572797,35.54287046,43.71184371,29.23850575,42.97413793,59.78448276,63.61350575,13.0726601,55.83855799
30/11/2009,57.74934811,60.61970339,61.13782051,64.97175141,60.40783898,51.14316239,27.82485876,50.79930663,33.19915254,21.36803874,25.06448047,53.1784188,24.54890788,24.82023626,40.94017094,33.60902868,60.79059829,39.05828906,47.51815981,41.77350427,45.87844255,61.81318681,63.06980057,14.31623932,74.16472416
31/12/2009,57.93471235,67.66018908,59.30437853,54.51680672,40.69065126,45.80508475,40.96638655,59.57792208,38.04271709,21.90876351,25.13701133,44.34586864,25.28248588,23.86045327,42.00564972,41.70572075,64.17137476,42.24690792,36.63465386,51.62429379,41.63841808,60.06053269,64.72457627,12.34261501,62.71186441
31/01/2010,63.05288462,61.3671875,62.05357143,59.80324074,54.0625,49.70588235,29.16666667,65.53030303,42.65277778,28.58630952,28.44655797,39.24632353,32.44631186,27.34848485,53.1372549,39.45112179,58.15826331,40.16579605,53.27380952,57.73809524,45.21475257,68.06722689,66.61414566,14.44777911,52.06264324
28/02/2010,60.25905912,62.31921488,75.11284722,46.07438017,44.16322314,53.8125,27.75482094,56.85574756,41.07093664,30.61540732,28.19349623,44.17317708,29.53703704,43.98948159,50.25,41.84678957,65.33564815,41.61786787,45.94647776,70.45138889,42.46759259,60.80952381,66.86631944,17.17857143,64.54545455
31/03/2010,60.91582598,63.67827869,70.80750689,42.86202186,66.72643443,53.76033058,45.21857923,54.59202683,46.9057377,39.17593677,34.84052031,48.17923554,45.13314968,50.33532042,48.29201102,42.88697982,50.70018365,37.80433326,63.05620609,49.1046832,38.70523416,60.23022432,58.47107438,16.90082645,72.50187829
30/04/2010,59.17761101,60.41666667,80.25102459,61.09981933,51.20680894,44.3545082,46.13821138,54.50849963,51.25,45.19454123,39.01997172,51.29994877,54.50819672,50.22172949,58.16939891,44.82879925,61.60063752,38.16644513,64.47928765,61.16803279,36.35245902,69.60772834,60.36543716,16.56323185,67.06408346
31/05/2010,61.08870968,53.79284274,73.7804878,58.3781362,48.47530242,56.97154472,41.86827957,61.72104106,54.59005376,50.40322581,44.18828892,62.75406504,66.16982836,57.91788856,60.29810298,41.07862903,57.5203252,35.43909763,69.48924731,51.47357724,32.96296296,77.87456446,61.00101626,17.82810685,53.47376201
30/06/2010,59.52307692,46.75,89.50772849,59.84444444,39.925,57.87298387,29.53333333,47.98181818,54.85333333,52.37857143,44.83913043,30.70186492,42.87634409,59.30909091,60.40322581,38.60769231,46.49417563,32.67582098,53.02857143,49.27755376,41.03494624,49.97119816,59.2405914,18.05299539,48.86363636
31/07/2010,46.36752137,46.82539683,89.08333333,34.78835979,39.70734127,59.37,34.92063492,37.31962482,51.91137566,52.75651927,42.88302277,24.525,34.62222222,57.92448292,53.94666667,37.42368742,54.25555556,29.30810811,48.79062736,29.95,42.91777778,42.70285714,56.74166667,19.16,52.43636364
31/08/2010,42.75439128,41.73228346,86.96263228,34.26290464,46.55511811,50.06944444,33.00524934,38.65425913,49.8523622,56.07424072,43.92331393,22.30902778,20.85537919,60.23622047,53.41269841,35.13022411,48.2473545,30.31960532,46.49418823,33.25066138,41.43518519,47.6814059,56.2417328,17.42630385,58.22510823
30/09/2010,40.45222356,40.30761719,79.92125984,31.43446181,40.234375,48.28740157,35.22135417,28.32919034,48.97460938,57.93108259,42.30213995,31.89591535,29.26509186,60.20359848,54.88188976,35.49053486,55.50087489,31.62729659,44.27083333,35.33464567,38.07961505,45.56805399,54.90485564,16.22609674,42.4123121
31/10/2010,47.28682171,41.71511628,75.24414063,46.59776055,56.84350775,54.04296875,45.54263566,36.31078224,48.25581395,58.56173865,48.03252444,34.58862305,41.05902778,59.6546864,55.18229167,34.90980918,41.25434028,35.1879223,48.98486526,44.7265625,30.01302083,48.40401786,54.71191406,15.97098214,40.16335227
30/11/2010,54.64497041,50.32451923,66.35174419,39.91452991,53.29326923,58.61434109,51.53846154,46.40734266,46.40384615,60.39148352,48.1187291,35.39849806,45.00430663,57.7039627,59.87080103,41.89349112,43.59388458,36.3398282,54.96336996,56.73449612,32.9414298,44.56810631,55.68475452,14.04208195,37.66737139
31/12/2010,57.33998826,63.22757634,54.47916667,52.53392706,63.0009542,60.33653846,52.60814249,63.67106176,53.74045802,60.16221374,51.87935612,46.39423077,62.22222222,57.95743697,60.33333333,47.48972402,50.50213675,37.51559252,74.1912032,53.33333333,32.68803419,62.6978022,55.57692308,14.13186813,37.30769231
31/01/2011,62.09935897,63.87310606,70.0620229,70.69654882,59.30397727,53.10114504,53.21969697,66.80440771,56.08270202,57.23079004,45.63570487,48.50906489,69.21119593,59.91735537,62.01017812,47.15544872,52.23706531,39.27171446,78.53535354,65.07633588,32.54452926,72.99345692,54.37340967,16.52671756,53.9555864
28/02/2011,62.50722961,67.2462406,65.38825758,69.2251462,50.70488722,61.16477273,49.18546366,73.12030075,62.67230576,60.45918367,51.15642367,51.55658144,71.71717172,66.15402142,62.9040404,47.24190283,39.01515152,45.88793339,80.18259936,68.90782828,30.09890572,73.8961039,54.44286616,17.08874459,51.54958678
31/03/2011,48.55051665,66.32462687,58.70927318,67.54767828,44.69449627,62.91353383,58.20895522,41.52815468,61.69776119,65.20522388,53.36632057,38.18726504,79.28153718,64.97060154,61.67919799,41.36768083,47.62949039,51.59859107,95.02487562,70.02227792,28.83876358,79.10311493,54.57393484,19.20515575,65.34518113
30/04/2011,46.6951567,62.70833333,60.19123134,52.68518519,42.11805556,55.59701493,52.5308642,46.54040404,54.34876543,70.05952381,58.03542673,43.75,75.91210614,65.15151515,66.14427861,39.29843305,48.33126036,55.314643,86.10229277,71.21337756,31.60447761,74.84008529,53.00839552,18.70469083,73.23609227
31/05/2011,38.85746606,53.14797794,55.21604938,39.46078431,43.07215074,45.86111111,48.22303922,45.37934492,51.46446078,70.39784664,57.07720588,34.78587963,82.01646091,65.00668449,61.80246914,34.87697964,50.05144033,56.96696697,81.10994398,73.1824417,32.1563786,70.98941799,51.82098765,21.62962963,73.83838384
30/06/2011,38.349242,51.23175182,53.11734069,43.76520681,33.95301095,46.42463235,39.47688564,41.72196417,45.2676399,68.37851929,58.81466201,47.6964614,70.30228758,65.41694315,60.22058824,34.66100505,51.27655229,58.48237944,57.73375043,69.70315904,37.2753268,71.18697479,51.13357843,21.83298319,71.95855615
31/07/2011,32.37876254,42.48188406,44.27463504,53.67351047,28.40806159,55.47445255,36.65458937,30.53359684,48.56884058,68.69177019,57.29757404,48.54014599,81.75182482,64.06455863,58.66180049,37.97380156,44.44444444,54.8135727,55.86611456,62.24655312,42.76966748,68.52971846,51.94647202,18.68613139,77.70404778
31/08/2011,29.67625899,33.93660072,56.34812802,36.14108713,35.9375,52.73550725,34.59232614,11.29005886,42.58393285,67.94707091,56.94401001,49.99433877,67.79388084,61.57619359,57.46376812,39.8381295,54.12640902,54.08343126,44.33025009,57.74288782,39.12640902,66.70289855,53.35899758,20.19151139,78.82081686
30/09/2011,36.17445055,29.50892857,67.70083933,37.68849206,45.83705357,45.39568345,35.41666667,20.90097403,44.91369048,68.88392857,58.91304348,48.03282374,67.86570743,61.38528139,56.52278177,39.21703297,58.69304556,56.06001685,45.08503401,47.68185452,47.39408473,60.52415211,56.36990408,16.9938335,78.80967953
31/10/2011,33.71522095,35.31693262,60.43154762,46.14854216,39.73847518,41.0625,32.80141844,18.77014829,51.21749409,69.66818642,58.73419673,46.11049107,67.65873016,60.93917902,50.4047619,40.52441353,48.42261905,56.02638353,34.26207362,54.96031746,41.55952381,54.92346939,56.83035714,17.48469388,74.87012987
30/11/2011,43.09994583,40.53697183,70.05023641,60.79812207,38.99647887,45.2570922,30.39906103,40.90108835,60.66901408,70.08928571,58.76454378,53.13608156,57.88022065,64.15919761,47.58865248,39.92416035,52.84672971,52.81132196,39.13480885,41.64696612,40.68360914,58.28267477,55.89539007,15.61296859,70.27724049
31/12/2011,47.34400215,40.71241259,60.18926056,65.8022533,44.83173077,54.67429577,26.63170163,57.15193897,61.50058275,68.49400599,60.43630283,62.6540493,57.19874804,64.93960585,44.43661972,38.86161915,34.15492958,48.85484076,33.93273393,45.08346375,41.65884194,57.89738431,44.29284038,19.23541247,56.40204866
31/01/2012,58.19310897,37.67361111,62.97348485,55.83526235,63.75868056,57.16783217,34.9537037,62.61837121,64.54282407,76.68650794,66.20999396,60.22180944,36.86868687,64.83585859,46.87645688,39.23611111,41.45299145,47.46109746,41.61706349,35.05568506,41.25679876,49.36063936,42.38053613,18.7012987,63.2231405
29/02/2012,61.10079576,43.78232759,65.70457176,62.64367816,61.50862069,61.00694444,55.40229885,69.42789969,62.59482759,77.19827586,67.37631184,62.38064236,53.43364198,58.75653083,50.16203704,39.84748011,38.46450617,47.23786286,52.70935961,37.97582305,41.76311728,45.35714286,43.42447917,17.2172619,54.16666667
31/03/2012,64.10036881,54.51626712,68.44109195,59.37975647,51.94777397,55.12068966,47.3173516,71.74657534,61.99771689,79.82509785,68.53782013,62.13362069,72.79693487,57.46160232,55.1954023,41.5404373,39.78927203,42.94812053,64.67710372,36.74329502,45.77011494,43.33990148,46.35057471,16.26600985,59.59247649
30/04/2012,59.6807954,45.34438776,51.13441781,58.97581255,43.65433673,55.18835616,38.26530612,67.61750155,61.55045351,74.04033042,62.54436557,64.64041096,68.03652968,58.67862296,49.24657534,41.46389325,53.53881279,40.98173516,57.1590541,35.37544394,57.13089802,51.25733855,45.46232877,20.56262231,53.73599004
31/05/2012,63.05873181,33.984375,55.60515873,58.12687688,42.09248311,61.19047619,26.97072072,62.06234644,58.25731982,71.86896718,62.46695065,61.71343537,54.04383976,58.33333333,49.72789116,42.98986486,39.69198791,38.48440277,27.3970399,29.51625094,66.0808768,48.17784257,48.88038549,26.23420797,42.08410637
30/06/2012,44.35338152,33.59899329,57.54504505,41.75988069,48.37458054,55.97128378,23.32214765,46.03416718,53.05089485,66.18528284,57.75459586,55.28927365,29.01651652,59.78238763,43.80630631,41.78175013,51.84872372,35.01643535,27.06935123,22.10960961,69.16291291,43.33976834,51.3231982,26.37065637,47.66584767
31/07/2012,44.66666667,33.11458333,62.15743848,24.65740741,37.28125,38.4647651,19.77777778,50.37878788,52.63333333,60.11904762,55.55072464,55.02831376,19.83594333,57.58585859,41.00671141,42.26923077,42.27255779,35.26210775,35.12698413,20.1715138,73.0611484,38.26462128,53.53747204,27.14765101,28.8590604
31/08/2012,40.0307474,36.68253311,51.27083333,26.6004415,38.51407285,38,21.96467991,46.95213727,52.83664459,59.49030274,57.94701987,57.77604167,23.14814815,53.84306643,43,40.65524707,40,32.90690691,59.58688111,21.69135802,71.23148148,36.82857143,51.30555556,25.35714286,37.78787879
30/09/2012,49.07777256,35.83470395,40.73537528,43.99671053,50.49342105,42.5910596,32.6754386,65.79694976,59.98903509,61.83035714,59.99713959,59.35430464,25.71743929,53.3492823,43.50993377,41.8111083,39.90066225,35.65419724,48.30827068,33.60313956,70.71927888,45.39735099,48.30298013,26.48533586,38.0192655
31/10/2012,49.11297852,43.6376634,44.29139254,41.82098765,63.18423203,47.38486842,30.66448802,77.9040404,60.48747277,64.47245565,61.22833191,65.17269737,27.44883041,53.02040008,43.04824561,44.55756662,36.2755848,38.51055002,40.52287582,43.18957115,68.95833333,36.25,49.25986842,26.47556391,26.45035885
30/11/2012,47.45477737,43.30357143,40.99945534,42.83910534,65.24959416,43.52941176,38.0952381,73.64964581,56.93722944,65.63079777,58.40273857,65.70669935,27.74146696,39.85635577,47.29847495,40.50636863,48.67465505,39.40116587,46.2585034,42.20527717,67.23674655,42.87581699,45.95588235,25.14939309,29.05525847
31/12/2012,41.99308756,50.84677419,48.48484848,45.15232975,60.75604839,33.04383117,36.07526882,40.42521994,50.62634409,68.02419355,62.17040673,63.51968344,33.00865801,39.19843597,52.57575758,42.2735732,52.14646465,37.15631216,48.9093702,32.21500722,66.65945166,37.28200371,49.79707792,26.64656772,51.56434475
31/01/2013,45.39262821,55.98958333,53.59543011,53.89066952,53.10496795,41.49193548,44.49786325,32.0731352,48.63514957,69.20787546,61.74052397,65.99294355,36.27240143,41.91919192,54.8172043,42.89324458,52.31182796,35.97500727,56.63919414,28.76941458,67.1827957,46.98156682,50.71236559,26.28571429,48.70967742
28/02/2013,53.13921747,49.94028662,47.01522436,59.73106865,52.7169586,44.66346154,41.82590234,46.40995947,56.73301486,72.07120109,63.73234561,62.80548878,56.33903134,37.77263077,51.3034188,36.23093997,49.71509972,37.89270039,58.37124659,32.25308642,64.61538462,47.69230769,50.85470085,26.20879121,62.41258741
31/03/2013,54.55470163,51.68117089,52.55440552,47.60900141,50.58346519,51.54458599,32.85864979,47.5906214,56.58755274,66.78910488,59.06026417,66.37639331,61.21726822,43.01879555,49.91507431,36.33966245,50.77848549,39.03425719,43.44484629,35.96367068,64.56475584,51.25568699,51.06157113,24.54049136,62.76780544
30/04/2013,48.2648248,41.92216981,60.78586498,55.96610762,36.72366352,55.45886076,23.53249476,43.4105203,58.79979036,66.67228212,61.05414274,60.50731804,33.19268636,41.27120259,47.27848101,32.10644178,46.46624473,32.28403287,41.6591794,27.7660572,72.197609,49.19077758,48.78691983,21.97106691,69.90794016
31/05/2013,57.55022321,59.83398438,54.24528302,50.29513889,44.75585938,49.1745283,25.10416667,64.21164773,58.57552083,66.29464286,62.32336957,53.56721698,15.86303284,41.14583333,43.92033543,40.54450758,42.60132774,27.42469381,41.8452381,17.23736315,72.04751922,43.97574124,53.97012579,21.70260557,60.57747284
30/06/2013,56.62156167,62.16032609,48.60677083,49.46514838,27.33889752,58.9296875,28.77846791,76.94099379,58.58178054,72.36024845,63.74561167,56.29882813,20.79861111,38.33992095,46.77083333,46.99792961,34.78298611,25.41118421,50.73942621,18.84259259,75.26215278,61.27232143,52.82552083,22.75892857,72.69886364
31/07/2013,58.38293651,62.51929012,47.42494824,56.18998628,40.14274691,58.20652174,30.4526749,78.18462402,62.94238683,70.8388448,61.13459474,53.61024845,15.04485852,38.20613543,49.29606625,47.91432847,44.68599034,29.55214122,44.32686655,22.30273752,74.48585231,70.58562555,55.20186335,24.68500444,60.10728402
31/08/2013,51.20508326,66.23849693,40.1877572,58.50374915,30.01342025,63.72685185,27.24948875,64.4032348,64.94120654,70.68361087,61.75646839,51.09471451,28.25788752,41.708496,47.79835391,47.90853318,50.04286694,32.96512887,50.17528484,23.81115684,70.74245542,73.26719577,52.72633745,27.4382716,67.59259259
30/09/2013,46.73889373,62.29039634,47.5140593,58.60433604,47.35137195,61.68711656,30.43699187,52.10643016,63.50863821,70.38871951,64.32926829,48.83052147,25.90320382,40.15151515,44.76482618,45.57464893,54.94205862,36.71294801,51.29210221,22.0290843,70.59134288,75.11393514,52.51789366,29.14110429,71.50027886
31/10/2013,44.58333333,60.68181818,50.3175813,45.63131313,45.17992424,61.11280488,39.8989899,28.76721763,54.97222222,69.69155844,65.53689065,43.9453125,26.01626016,39.29292929,45.91463415,44.45592287,55.91971545,35.23748395,44.90620491,16.84733514,61.24661247,72.87891986,53.70934959,31.44599303,65.65964523
30/11/2013,45.3689759,54.44277108,57.28535354,54.7188755,35.8810241,47.59090909,46.38554217,31.42798467,64.19678715,73.37564544,68.51100052,48.40435606,34.20875421,46.94231471,51.65656566,45.16931362,57.04545455,32.47740564,46.01262192,21.31313131,62.1043771,67.58874459,52.0959596,33.25974026,82.09366391
31/12/2013,60.70893926,63.52919162,51.5248494,59.69727212,45.22829341,52.07078313,45.00998004,53.98067501,68.39071856,71.04897348,62.46745639,50.79066265,38.52074967,45.69951007,53.23293173,45.26174923,45.02175368,32.59353202,38.90789849,21.9210174,57.57195448,70.08175559,52.67319277,33.49827883,70.89266156
31/01/2014,55.24553571,60.3608631,51.16641717,56.60548942,48.4281994,61.1002994,26.98412698,61.0254329,70.98710317,72.95918367,63.6548913,44.20845808,45.10978044,47.01479076,53.0738523,39.74489796,43.69594145,34.35234794,47.42063492,35.49567532,63.53792415,72.04448246,49.8502994,32.60906758,64.77953185
28/02/2014,52.27704987,57.40569527,42.68353175,46.26890204,55.09430473,55.66964286,33.92504931,57.48386229,64.23816568,65.35819949,59.95948032,39.12760417,23.18121693,45.72350726,47.59920635,38.193153,42.32804233,34.53947368,47.32318963,44.87433862,59.31547619,69.03061224,53.21800595,33.03996599,71.94264069
31/03/2014,56.2447479,59.15441176,50.77046351,49.06045752,56.96691176,46.84171598,49.06862745,56.72459893,65.48039216,72.63655462,67.05882353,34.3010355,36.16042078,50.81996435,47.75147929,38.3907563,46.73816568,33.86276342,55.28011204,42.74600044,59.63017751,72.17244294,50.82593688,33.66018597,69.90317375
30/04/2014,63.38241437,58.39729532,61.2254902,49.42332684,54.76973684,49.94117647,57.65107212,69.88304094,69.97807018,75.73621554,70.35341978,42.14613971,44.70588235,49.87595251,53.66666667,38.89933166,43.67647059,38.9628483,66.19326093,46.48148148,63.12581699,75.05042017,54.63848039,35.28151261,63.77005348
31/05/2014,58.33160299,55.46875,65.46052632,46.55200258,58.6119186,54.32748538,55.03875969,58.71432347,67.46608527,78.91403654,69.03437816,46.89784357,59.06432749,44.45031712,54.44444444,35.54609635,33.32602339,39.1351185,54.56810631,45.96058046,57.21247563,81.21553885,50.76754386,36.7251462,67.72993089
30/06/2014,54.12881916,56.82803468,61.46438953,43.91457932,60.07947977,63.3502907,55.78034682,54.62427746,70.10597303,79.55202312,73.32558432,45.22165698,68.34625323,41.74986863,53.62403101,34.66350124,47.15116279,46.8380253,53.38563171,38.49052541,63.11531008,70.49418605,49.74563953,36.14202658,69.7410148
31/07/2014,51.29310345,60.35380747,54.3533237,49.63282248,59.86889368,56.72687861,58.18965517,57.8631139,68.60632184,81.26026273,73.85682159,44.8609104,66.73089274,42.1368861,55.58766859,37.84688013,52.50722543,43.13457053,53.21565408,36.16998501,64.80411047,68.92650702,50.86103083,34.28571429,63.08460326
31/08/2014,57.3622449,56.16071429,67.03783525,63.08730159,65.16964286,61.40804598,67.71428571,63.16233766,66.87857143,81.66836735,74.10869565,54.34626437,59.73818646,33.01298701,58.60153257,35.82653061,43.24712644,43.03791087,41.36054422,30.32141337,62.96296296,69.43349754,48.52729885,36.14942529,66.84952978
30/09/2014,57.61465097,59.21519886,51.13690476,53.96938131,53.24928977,54.57857143,50.56818182,60.49845041,66.15530303,81.69135552,72.66860178,52.70535714,67.49206349,30.88842975,64.17142857,37.94439935,33.19285714,39.11278195,29.36958874,29.66137566,63.88253968,63.30612245,60.54761905,35.24489796,62.36363636
31/10/2014,58.89326069,51.89795198,46.66785038,50.85530446,52.40995763,50.11363636,59.13370998,75.37236775,70.25188324,82.35976594,74.51793171,58.95330256,60.41666667,31.96370485,56.34469697,37.6614205,43.65767045,37.52492026,39.02340597,25.48400673,57.25694444,67.32954545,50.54450758,40.14204545,53.33161157
30/11/2014,62.75581862,49.24508427,42.90254237,52.06772784,56.39922753,59.80225989,46.8164794,70.30132789,65.76544944,80.80858748,76.58463605,52.44526836,60.26365348,36.52536602,58.13559322,38.13202247,36.69491525,38.84428586,32.03584805,23.34170329,61.54739485,55.02017756,49.5527307,40.5165456,57.62711864
31/12/2014,59.15303272,48.20181564,63.21395131,50.20173805,54.6176676,59.75421348,42.22532588,78.92965973,72.31843575,79.26476457,77.08889968,55.22735253,58.42696629,36.93922465,51.10486891,36.17517957,37.82303371,37.30041396,42.20537377,19.88139825,63.42072409,60.1565008,41.30383895,41.74558587,44.79060266
31/01/2015,64.34027778,36.73611111,56.50605214,36.78240741,44.19270833,70.62150838,33.84259259,85.58712121,69.20833333,74.62797619,75.71557971,57.77321927,45.716946,38.04713805,48.80819367,33.46428571,21.40363128,35.52876605,33.28042328,15.50796607,65.91713222,56.75977654,42.27188082,39.58499601,41.79786694
28/02/2015,53.69475138,46.69371547,48.02662037,36.2262124,34.53038674,55.10416667,31.53775322,78.87995982,66.73572744,77.27407261,78.00264233,58.78472222,36.75925926,34.96567889,45.68518519,36.24112076,29.03472222,32.11988304,38.70034202,13.67283951,64.81790123,40.22222222,42.23958333,37.0515873,45.25252525
31/03/2015,50.37774725,39.01957418,31.79673112,39.58333333,56.18990385,54.37154696,36.76739927,74.32567433,63.1547619,72.85125589,71.51516961,52.78832873,32.4432167,36.87146187,47.67955801,34.94701727,28.32872928,32.86323544,34.98168498,13.39267444,66.58993247,47.71112865,44.94705341,37.39542226,45.55499749
30/04/2015,51.43930523,53.31284153,33.32188645,50.72859745,61.00580601,44.74587912,43.26047359,61.20839543,61.21357013,73.25331772,74.34366833,50.68681319,29.88400488,36.44643153,52.47252747,35.82747853,41.05082418,31.3283208,33.15118397,13.52258852,72.50610501,48.15149137,41.9356685,35.62794349,57.99200799
31/05/2015,46.33152174,52.46263587,30.16279599,45.68991546,57.4388587,48.51775956,47.14673913,56.90464427,65.02264493,73.45205745,76.19033554,65.44996585,30.32786885,33.6627141,52.9143898,39.50698758,40.79918033,37.65219059,50.1552795,13.81299332,71.80327869,53.92271663,42.78233151,29.3559719,34.9726776
30/06/2015,52.18146718,58.51351351,25.83220109,43.75375375,37.89695946,59.42255435,40.72072072,68.47665848,61.02252252,69.44498069,74.13043478,61.78668478,34.2089372,34.47174447,54.69202899,43.84169884,40.95108696,37.01849733,44.24710425,22.49396135,72.12258454,65.7181677,43.22916667,28.52484472,37.96936759
31/07/2015,47.78705837,53.52822581,21.76238739,40.57646356,57.1656586,46.0472973,54.1218638,47.88611926,60.15456989,73.71831797,76.50479196,64.92398649,32.58258258,33.28445748,54.18018018,45.56835637,37.08783784,36.89900427,52.86738351,30.92092092,72.33483483,68.45945946,49.43693694,30.82625483,32.62899263
31/08/2015,47.72727273,51.90508021,37.16397849,42.41681521,56.29177807,50.51075269,45.45454545,61.21171609,68.07263815,68.96963331,71.46884445,54.72530242,43.04062127,42.35942311,57.29390681,45.97975554,41.65994624,40.56781739,38.12070283,39.94424532,71.67562724,65.45698925,49.47356631,35.31490015,31.40273705
30/09/2015,36.90634498,44.06582447,40.11252228,36.40661939,46.28490691,41.42379679,31.33865248,53.03433269,67.7947695,67.82864742,70.40356152,57.17747326,45.54367201,40.19181173,50.64171123,43.69490881,38.77673797,35.83825875,39.52634245,25.87641117,68.03178847,55.0381971,50.03342246,31.92513369,41.29800681
31/10/2015,38.96447468,45.55224868,37.54986702,49.33862434,45.43650794,52.44015957,22.5308642,59.62000962,61.37786596,67.81934996,70.12594893,54.65009973,29.16666667,39.9631233,46.75531915,44.7297808,40.53856383,33.01138485,36.60871756,13.7214342,66.34899527,53.15729483,53.06405142,32.43920973,19.68085106
30/11/2015,39.72274436,45.08223684,29.44223986,46.24269006,32.57401316,51.14417989,21.31578947,51.1722488,59.24561404,64.8825188,70.52631579,49.17328042,20.66431511,37.6076555,39.45326279,47.71616541,45.68783069,32.80887404,40.13784461,12.31628454,67.22516167,53.93424036,53.18011464,35.40816327,53.12650313
31/12/2015,40.08975318,45.53337696,23.24561404,38.77981385,46.8177356,47.86842105,24.30191972,43.24131366,59.31282723,71.46596859,74.68984748,58.54851974,18.2748538,37.45042043,38.61403509,48.91922214,42.38157895,34.00277008,40.61331339,11.35477583,64.37865497,58.92105263,45.83333333,34.11654135,45.55023923
31/01/2016,42.42931548,31.00585938,20.97513089,49.48640046,44.39290365,38.54057592,26.82291667,45.76822917,64.21875,67.16889881,69.56804801,55.37058246,24.72367656,38.9520202,40.71553229,48.34449405,51.98298429,31.09212823,34.5610119,10.77176653,70.17452007,63.39940165,45.2552356,32.41585639,22.58448358
29/02/2016,41.78849001,23.13795337,29.78515625,55.01583189,43.24805699,41.98567708,39.20552677,42.24564296,57.28626943,66.48778682,70.63246227,51.37532552,17.1875,41.51358141,40.53819444,45.85492228,48.79557292,30.19005848,37.70046879,15.51890432,65.49623843,60.81845238,45.39930556,26.99776786,21.21212121
31/03/2016,48.67452135,28.72100515,30.22992228,60.30927835,50.48324742,36.28238342,24.39862543,48.68205248,54.84536082,67.9583947,72.98576871,53.80505181,37.73747841,36.77756951,49.2746114,42.93814433,49.74740933,32.98791019,47.99950908,13.70178469,63.31318365,53.72686899,39.08139033,28.0199852,34.10268488
30/04/2016,42.91208791,37.70833333,26.31550687,62.50712251,50.85737179,32.32603093,37.17948718,41.43356643,55.67521368,68.42032967,73.97157191,53.56394974,26.28865979,35.55555556,42.90378007,40.37728938,47.23582474,33.40115753,49.86568987,15.79801451,70.78465063,61.71944035,36.16838488,26.52430044,30.95126523
31/05/2016,53.72631195,41.5497449,29.0758547,53.25255102,41.78093112,40.99358974,31.59013605,60.33743043,61.03316327,61.68458455,66.06033718,58.93830128,24.21652422,36.30179344,51.88034188,37.6585277,49.15384615,39.74808817,41.55733722,20.1994302,71.00854701,58.58608059,38.78739316,27.07692308,25.08158508
30/06/2016,53.94307469,28.6088198,30.23490646,54.82938522,35.88991117,35.87372449,51.48054146,57.19312413,55.05287648,63.69198695,69.44107261,49.70503827,38.63378685,41.0936779,48.35034014,34.02284264,41.42857143,41.71142141,49.15397631,28.98715042,73.20861678,53.69897959,36.29889456,25.76895044,23.19109462
31/07/2016,48.07449495,32.01546717,44.87626904,39.66049383,53.05397727,53.59137056,43.64478114,49.04729109,56.56986532,65.53481241,75.27997365,51.9035533,51.0998308,41.90388736,52.16582064,33.01767677,47.4428934,44.18024757,44.6007696,38.03346494,73.02594473,45.6417694,36.4213198,26.70775925,28.43793263
31/08/2016,39.12419239,33.35427136,37.01073232,41.54103853,39.98115578,41.15530303,37.2278057,51.03928735,53.95938023,66.22397703,76.56215862,53.27099116,30.35914703,45.96467184,53.75420875,33.29145729,39.02146465,41.0464292,52.06987318,36.89674523,73.77104377,47.25468975,34.70117845,28.27561328,29.16666667
30/09/2016,44.56696429,39.4609375,39.25879397,46.26388889,48.9765625,44.13944724,44.91666667,58.75568182,52.2875,67.53125,77.875,51.39368719,32.66331658,46.99242424,53.31658291,34.30714286,46.46356784,43.85083311,46.30952381,32.98901917,77.57398102,45.98707825,44.2839196,30.35893754,24.46322522
31/10/2016,39.80099502,46.22978856,39.515625,42.94499724,42.61504975,51.35625,41.70812604,46.31388512,56.33084577,61.71819474,71.33084577,50.2578125,27.33333333,47.51997588,58.08333333,40.21321962,47.44375,44.01315789,33.08457711,31.89814815,72.42361111,43.75,45.02083333,30.8,22.31818182
30/11/2016,54.1460396,61.16955446,37.90422886,48.84488449,52.71503713,44.83830846,35.60231023,70.37016202,61.45420792,64.85148515,69.03250108,58.8619403,27.55666114,45.2370237,56.99834163,46.78925035,49.39054726,43.45378371,56.82461103,39.29426939,71.31840796,49.4100924,48.13432836,31.83724236,19.42559928
31/12/2016,60.04574243,61.63793103,35.40635314,59.98905309,56.04987685,51.9740099,53.32512315,79.41110614,66.01190476,60.91660802,69.12882844,49.79888614,30.28052805,44.95447082,54.00990099,46.8226601,46.81930693,39.33038041,43.66643209,38.1096443,74.10891089,67.18528996,45.8539604,33.82956153,20.70207021
31/01/2017,58.61782213,63.64889706,45.01744663,59.06862745,56.80147059,68.11576355,60.70261438,81.65663993,66.60947712,65.06915266,69.76236147,56.52324507,41.78981938,45.95959596,60.64039409,47.94467787,48.43596059,43.37568058,67.96218487,44.38058748,67.4589491,78.24067558,46.55172414,34.49683322,24.49619346
28/02/2017,61.41550523,51.06707317,35.6004902,60.85365854,62.91158537,75.74754902,58.04878049,73.24833703,69.22764228,67.34320557,71.22216331,53.99050245,58.87799564,59.46784922,62.00980392,45.29268293,50.17769608,48.98090815,50.92915215,56.30900508,70.3172658,75.74229692,47.79922386,37.81512605,25.69073084
31/03/2017,60.27652566,43.05976942,36.34654472,63.56526429,63.0309466,74.88414634,49.51456311,74.72969991,76.23584142,64.45041609,65.85584635,58.86432927,64.14634146,59.34098264,58.7804878,48.18307906,40.44512195,51.36071887,52.08044383,64.20054201,71.45528455,77.42857143,35.53861789,35.33449477,43.94678492
30/04/2017,64.25120773,33.91455314,38.75910194,49.38942566,52.50603865,66.85679612,45.73268921,77.72837066,76.48550725,66.17494824,66.1284394,55.26016383,67.96116505,59.39833114,59.72491909,47.21704624,40.37014563,46.20166922,48.22866345,59.26824883,77.88160734,75.8668516,39.68446602,42.32316227,54.36893204
31/05/2017,62.68028846,24.71454327,58.61513688,49.21875,62.55258413,67.83816425,39.54326923,67.54261364,72.49198718,69.17925824,69.12886706,48.04121377,69.48470209,59.14189977,56.69887279,45.32623626,37.72342995,41.37215018,55.63186813,56.24440866,79.17874396,76.1663216,40.12177939,43.29192547,52.78875714
30/06/2017,57.02323992,28.15490431,65.86538462,56.41945774,38.21022727,77.33774038,33.77192982,53.52327099,67.37240829,69.71975393,68.44705638,48.85441707,39.58333333,63.02740322,50.625,44.27546138,46.20192308,37.93859649,54.32900433,41.63995726,76.5892094,72.67513736,49.00841346,45.95123626,50.04370629
31/07/2017,55.6377551,27.24702381,59.3650319,56.79232804,30.61011905,56.81818182,35.27777778,60.57359307,67.9047619,66.92602041,67.93995859,51.75313995,51.19617225,61.01010101,46.33173844,44.89965986,44.8923445,34.19373793,64.26303855,35.50416445,79.27299309,71.61654135,48.47986443,47.72385509,51.45715528
31/08/2017,53.40216655,28.65817536,47.03869048,46.40600316,49.00029621,61.04761905,37.67772512,68.56419647,60.87085308,69.02081923,63.74407583,45.28645833,31.00529101,61.03690938,47.12698413,44.32633717,39.33928571,33.48788638,50.93658316,29.00352734,77.18386243,74.30272109,46.05654762,48.19727891,54.6969697
30/09/2017,58.1157345,37.96432783,39.35624013,51.53957023,59.59610849,71.90165877,59.66981132,63.33619211,63.88561321,68.20670485,60.1671452,42.97985782,35.46603476,61.51372213,50.15797788,44.96967655,36.40995261,35.27479837,53.6163522,39.99473407,76.93654555,70.23019634,50.37519747,46.89911984,56.78586816
31/10/2017,65.92052314,39.73738263,37.40664308,65.24517475,59.41901408,50.27122642,58.95931142,82.75714895,69.20774648,64.51626425,60.17809757,42.01061321,69.60167715,61.7939963,61.43081761,46.82092555,46.50353774,41.69563059,53.35345406,46.82040531,74.41037736,69.22843666,50.36851415,46.20283019,42.6457976
30/11/2017,60.12182911,42.79351636,54.4062989,65.98520249,42.89573598,56.98356808,74.88317757,76.52931181,65.02725857,63.93941923,63.05363673,54.28403756,56.36411059,58.21297083,59.23317684,47.98064085,43.15140845,42.6859402,52.32532265,52.45174752,75.77986437,69.38967136,49.10015649,49.63112005,55.56978233
31/12/2017,60.33637874,37.19476744,63.16686137,61.10465116,38.2122093,59.50350467,80.15503876,61.09408034,66.65116279,64.26079734,63.58948433,60.1745035,84.60539979,56.97674419,68.45794393,49.94684385,48.80257009,42.6504345,57.99557032,65.87919695,76.99636552,67.31308411,47.19626168,50.1435247,53.73831776
31/01/2018,59.64368386,48.29282407,61.1627907,52.43055556,65.32118056,70.3372093,78.89660494,57.90193603,68.54938272,68.08035714,61.45581723,52.03125,92.19638243,58.58585859,69.37984496,53.19940476,30.79069767,43.5495716,47.28835979,62.20499569,73.42377261,63.37209302,48.22674419,50.65116279,55.26427061
28/02/2018,63.39285714,49.95679724,55.12152778,53.61623144,54.63709677,71.92708333,73.73271889,65.78864684,73.7077573,72.24325214,68.81887397,50.47019676,70.49897119,69.35483871,64.24382716,57.09512837,41.51041667,50.50357375,58.67895545,59.28497942,75.02314815,68.81613757,47.89255401,50.34060847,35.56397306
31/03/2018,61.04603539,40.80418578,61.69834869,46.41946993,42.56737385,66.49769585,57.26299694,67.84299416,68.99655963,75.25393185,71.53719585,52.72177419,80.33794163,65.63108146,59.58525346,56.84469201,40.2937788,51.02676045,69.55002184,56.26386755,72.37071173,76.32982225,42.01228879,51.81040158,31.94386259
30/04/2018,52.46656882,38.91267123,64.89870031,54.43937088,31.82791096,61.39908257,60.15981735,59.31403072,66.13584475,74.16829746,72.22304943,57.34303326,54.94393476,64.64646465,53.25688073,59.3444227,52.07568807,46.88556253,62.8506197,52.28508325,74.23929664,78.84665793,41.00248471,54.19397117,29.79566305
31/05/2018,52.94237013,31.19318182,75.73725266,59.72222222,42.67755682,63.59018265,65.15151515,61.17252066,70.88068182,75.23133117,71.98863636,49.1010274,47.86910198,63.03030303,54.50532725,58.40422078,51.86073059,43.5872787,64.88095238,45.01099273,72.12075089,79.92824527,39.6499239,55.19569472,22.99709423
30/06/2018,58.18923723,34.06391403,47.03125,57.60432378,67.83088235,74.28977273,48.07692308,61.8006993,66.41402715,74.79395604,71.51780445,51.00142045,82.12121212,66.87919923,57.16666667,57.17032967,44.47727273,43.40111643,67.63628528,50.24410774,68.97474747,80.91558442,41.49621212,56.62012987,23.78099174
31/07/2018,52.87966538,31.8482545,61.67515083,40.71571572,51.9847973,66.80995475,49.81231231,65.29484029,70.01876877,74.94771557,64.35076381,39.07664027,49.39668175,65.71116571,50.54298643,54.41763192,46.61764706,43.62546638,59.65250965,51.75967823,69.6040724,78.64899806,42.89215686,58.93988365,22.41875771
31/08/2018,52.33824471,28.06193946,52.65578078,48.72321873,60.25084081,68.92454955,47.04783259,57.47554015,64.47496263,70.90006406,64.90300253,42.06432995,60.88588589,71.67414051,49.14414414,54.09673286,43.36148649,36.71171171,68.28955798,51.91024358,68.26576577,79.17310167,41.49305556,58.98005148,22.2972973
30/09/2018,55.03029337,34.45870536,74.71973094,47.92286706,55.74079241,61.31726457,33.11011905,73.60998377,70.33110119,69.98565051,62.44904891,38.49845852,59.94020927,72.47700216,48.38565022,54.41645408,51.8441704,36.97978129,54.57057823,45.13369872,66.66791231,79.06149904,36.30418535,58.78603459,18.95637994
31/10/2018,49.70238095,34.125,66.70386905,48.35802469,52.75,73.73325893,38.14814815,65.49494949,64.91111111,71.47222222,66.02657005,43.05594308,34.67261905,71.4006734,44.6875,59.84285714,54.04575893,40.11591479,66.73015873,46.2880291,62.51860119,78.06441327,37.54650298,58.19515306,18.4862013
30/11/2018,51.60003161,27.73091814,48.69907407,39.89060964,50.99557522,59.15555556,46.09144543,60.74517297,64.62205015,67.96381163,59.38101193,38.11805556,60.96296296,69.3081255,48.13333333,60.47250316,47.53888889,42.10916179,51.74884113,57.53909465,59.78271605,78.3968254,38.69444444,58.06349206,27.13131313
31/12/2018,45.05978603,17.5660793,53.74262537,26.91507587,64.09003304,45.80752212,15.27165932,50.42050461,58.35352423,65.64269981,62.30846581,33.27571903,71.11602753,66.84020825,51.34218289,57.45752045,48.87168142,41.18537494,47.16803021,42.27302524,63.34193707,77.95828066,33.77581121,61.45701643,25.5229284
31/01/2019,36.37609649,15.97450658,47.99467695,42.5621345,48.53344298,33.70044053,12.82894737,31.15031898,50.46966374,65.26080827,67.09334477,29.19878855,5.531081743,68.2549176,51.3215859,52.00971178,54.73017621,43.36888477,52.51670844,35.78887257,63.59765051,75.36815607,33.68208517,61.04468219,22.62715258
28/02/2019,43.71880848,26.84907205,36.11567982,44.63245997,67.68558952,31.91337719,11.4992722,47.02262803,56.62663755,59.59139114,60.09350674,41.3377193,30.53118908,55.4518989,52.14912281,47.59825328,44.47916667,42.84010465,42.2125182,27.0711501,64.81359649,67.53759398,34.70851608,60.1566416,19.31818182
31/03/2019,45.54736025,20.89673913,28.2842067,55.86352657,54.36141304,31.39737991,42.10144928,47.21837945,56.54528986,58.04736025,63.88705104,42.89710699,14.87142164,52.94466403,53.52256186,43.60403727,44.06659389,45.28652417,39.64803313,27.27640304,67.9985444,63.55895197,29.68522562,57.08359326,27.21317983
30/04/2019,44.56555349,22.86255411,28.67753623,41.25781626,59.42234848,44.94565217,40.69264069,59.60251869,61.74603175,56.88002474,66.76077546,53.28125,23.14009662,50.49193231,60.15942029,40.09431045,35.78804348,46.73913043,29.55060812,34.72624799,73.36352657,45.29192547,28.35144928,55.18944099,31.81818182
31/05/2019,45.80126232,19.53125,20.7296176,41.17576628,44.94207974,54.13419913,41.66666667,66.04623824,59.91020115,59.29033251,64.84726387,57.55208333,59.86050986,46.02272727,58.6002886,40.61422414,37.84632035,44.31153642,48.07060755,44.04361071,75.94636845,58.39208411,29.78896104,53.60544218,23.37662338
30/06/2019,38.94083384,27.6555794,27.25395115,43.46089652,36.8763412,59.96228448,50.92989986,52.68240343,58.09370529,59.11633967,64.73922374,57.54310345,48.32375479,46.30641176,51.65229885,35.28969957,38.76616379,42.31321839,52.48313918,39.40772669,74.03496169,50.9205665,26.15840517,48.98091133,36.12852665
31/07/2019,44.77258852,22.75641026,28.6748927,39.49430199,41.01228632,49.83369099,60.32763533,76.86965812,59.54950142,58.97435897,60.11241174,61.38344957,49.66618979,47.42942243,51.34477825,35.12362637,39.12553648,38.94285069,54.93487993,27.9605786,74.68288031,40.91354997,26.99391989,45.49049663,34.62738978
31/08/2019,30.68768997,14.50797872,29.12660256,34.49763593,36.32978723,58.99038462,62.12765957,44.06673114,56.83510638,58.6550152,65.16882516,51.46901709,80.65052232,39.50999355,52.40740741,33.0668693,44.65811966,40.46708652,41.32725431,32.38366572,73.93637227,41.23015873,27.55074786,41.24847375,40.57886558
30/09/2019,29.33943705,26.11228814,38.4751773,37.84722222,39.77092161,48.63829787,54.27259887,42.66660247,58.35805085,56.83641041,63.28297716,59.65093085,69.88179669,39.97817155,54.76595745,35.03631961,32.35638298,41.61254199,42.03995157,26.8321513,77.02955083,31.61094225,40.62056738,38.58358663,39.78723404
31/10/2019,35.34885473,40.38765823,30.99399718,37.54102203,36.15506329,43.78707627,41.38537271,40.09877254,55.02461322,55.60955395,61.53458081,55.65082097,59.43973635,38.49891318,53.74293785,31.98613623,34.66101695,41.47338686,39.80309423,22.9519774,72.80367232,35.84745763,40.62941384,34.22215496,30.37365177
30/11/2019,39.81092437,45.60793067,29.89187764,44.45028011,41.60320378,40.93881857,46.67366947,45.92245989,59.48704482,55.35339136,65.64669346,61.05617089,53.00046882,37.10211357,53.65682138,31.31902761,34.99472574,43.49692797,44.64785914,25.91811221,74.88748242,35.21398433,40.55467651,32.34177215,40.77483698
31/12/2019,48.62148834,51.30753138,32.1647409,37.15713622,35.99633891,61.13445378,62.30822873,67.13103842,56.94211994,55.57755529,63.64380571,63.65217962,39.49579832,37.9231647,58.7535014,28.88971907,42.56827731,45.52557865,28.64116358,33.26330532,76.85457516,37.04681873,37.35994398,26.2755102,45.24446142
31/01/2020,54.2671131,30.01302083,30.77057183,48.63425926,57.32421875,62.20711297,60.65972222,67.22537879,61.47743056,52.80877976,69.34782609,65.48117155,41.77126918,40.2209596,60.20920502,28.625,38.13284519,47.37943184,42.70833333,43.44490934,78.81915388,47.78242678,36.18811018,27.50149432,55.74362876
29/02/2020,56.37596325,32.44942946,32.29600694,53.24458276,60.37992739,62.546875,43.25726141,75.48566579,61.72890733,56.31668643,69.78621685,73.84765625,69.12037037,51.77920282,69.01388889,33.38026082,34.99479167,48.79020468,29.48033985,36.56635802,79.31597222,28.66964286,36.42361111,25.46130952,56.64772727
31/03/2020,31.49719599,54.30010331,29.94467497,31.77800735,51.60123967,56.37966805,19.76584022,30.7663411,38.69834711,35.07969303,49.61821775,74.64989627,53.0428769,36.67042324,63.36099585,34.94834711,28.17427386,49.98908059,29.33884298,23.25956662,79.52973721,26.9887374,41.90871369,25.38529935,54.26254244
30/04/2020,15.56069959,53.58796296,9.97761708,14.34613626,27.97710905,33.83264463,0.274348422,19.77179199,27.6457476,5.188124633,12.95848989,32.90289256,33.88429752,34.57413643,22.41046832,30.81569665,46.4927686,42.32637379,27.25847541,11.6620753,76.84343434,27.23730815,43.29373278,9.74025974,68.4823441
31/05/2020,12.31337822,52.56147541,2.572016461,13.79212204,36.93007172,27.18106996,4.542349727,17.68349478,22.65198087,8.350409836,16.79214184,11.56764403,0.205761317,18.01415797,59.95884774,28.64022248,52.11934156,38.91054797,45.29664325,7.582685566,77.07361683,30.06466784,43.25274348,8.903586126,69.07968575
30/06/2020,30.4664723,42.78061224,1.272199454,52.74943311,54.85331633,19.00614754,39.04761905,29.49907236,26.36904762,13.0393586,19.85359361,30.47195184,23.74772313,19.7711812,59.95901639,28.24927114,41.09631148,39.24719586,51.84645287,13.92683667,71.64845173,37.25702576,51.81010929,7.18969555,69.26229508
31/07/2020,45.36875726,44.39151423,9.715136054,67.63211382,70.43953252,33.46428571,60.77235772,26.43200296,33.60264228,36.2441928,37.00070696,58.1377551,87.4829932,24.83986203,60.0952381,26.8887921,37.38265306,39.37343358,61.45954317,11.17913832,75.90589569,35.43731778,49.90221088,7.221574344,68.94248609
31/08/2020,46.82620012,52.201417,42.02659214,78.65497076,58.00860324,30.85365854,59.91902834,27.99043062,36.6734143,38.66035281,43.88091885,80.80538618,95.84462511,31.79364495,59.63414634,26.34904569,33.7296748,46.09542148,59.59128591,29.60704607,85.98125565,33.28977933,49.92801491,7.290940767,68.6067997
30/09/2020,53.48862327,45.92993952,44.29402834,69.90927419,59.12298387,33.61842105,76.74731183,43.43841642,41.26176075,41.88148041,45.42864656,76.69534413,96.40125956,32.05034213,55.85695007,25.81365207,48.13259109,46.90674054,69.6140553,28.94736842,89.09244265,36.84210526,70.12483131,7.157316368,68.75230033
31/10/2020,60.81468732,56.69553213,50.49143145,68.05555556,47.84764056,48.40221774,73.89558233,63.99689668,54.26037483,62.67928858,63.70918456,82.99206149,98.94713262,37.16684922,54.9327957,30.19650029,40.48387097,45.22495756,57.54446357,36.45459976,91.99820789,35.91589862,76.30208333,10.02304147,67.8702346
30/11/2020,56.975,60,60.36646586,62.07222222,50.425,56.67670683,70,43.92272727,50.24833333,63.06071429,61.47608696,78.69603414,98.14814815,30.6969697,53.69477912,26.10428571,43.60943775,43.99351793,50.06666667,49.00342109,91.35207497,30,76.17553548,10.67412507,57.94085433
31/12/2020,55.79112123,61.85258964,58.35833333,63.02014166,31.99078685,51.66,60.55776892,36.78467946,43.71347942,61.05577689,57.48960679,76.765625,79.95555556,28.26874321,58.78666667,24.95873648,45.315,47.52982456,51.73591349,47.42962963,92.43333333,28.48,71.81666667,12.00285714,55.05454545
31/01/2021,56.23228458,65.52579365,73.07436919,60.48280423,42.48511905,32.56474104,79.23280423,36.41774892,44.12202381,56.93735828,56.47429262,72.52863546,79.45993803,28.52934103,59.21646746,28.63662132,50.44820717,51.57964633,71.52305367,54.73660912,90.31651173,26.01593625,70.96613546,13.17017644,70.26439696
28/02/2021,48.50014116,62.82114625,72.78439153,60.27667984,29.37870553,30.68452381,71.90382082,48.12252964,48.86034256,54.29841897,54.83760096,63.52616567,97.94973545,29.8957959,60.43650794,31.51044608,47.91666667,51.63951546,84.04856014,61.19194591,87.24867725,29.86394558,70.91187169,11.91326531,76.44300144
31/03/2021,59.61403262,75.01845472,24.11067194,64.16229221,59.72563976,36.77371542,99.21259843,72.60200429,61.54035433,62.12035996,62.74392331,43.35165514,61.92358366,33.2080649,67.81291173,35.02952756,48.58201581,52.22592053,85.17060367,71.76840872,87.83816425,38.48108413,47.33201581,12.32354602,73.3201581
30/04/2021,68.95658263,73.40073529,55.80708661,75.83877996,75.22671569,44.73425197,99.11764706,78.54723708,68.59477124,77.88165266,79.44373402,60.10088583,99.14698163,35.7278669,59.64566929,35.07002801,46.73720472,55.07321453,87.61904762,83.51560222,90.6911636,54.40382452,46.14091207,16.21484814,77.73801002
31/05/2021,64.46707589,70.93505859,64.82843137,63.51453993,72.69287109,62.54411765,98.92578125,78.33806818,71.10839844,78.36914063,81.13323709,53.58762255,98.80174292,63.77840909,60.32679739,35.20647321,44.81862745,65.23563811,93.51748512,85.58460421,92.94553377,53.34453782,46.34803922,18.19327731,81.83600713
30/06/2021,53.51584213,61.58195525,86.77978516,60.97060095,66.9868677,60.59570313,89.78599222,69.84877963,69.53955901,72.11297943,79.00524446,57.92236328,98.28559028,61.67315175,79.8046875,36.31739855,52.39746094,66.28974781,92.26422086,85.06221065,90.89192708,49.82421875,49.20247396,17.91852679,78.95951705
31/07/2021,52.30827796,52.77979651,75.44584955,54.45736434,58.1879845,65.21400778,82.81653747,64.25739958,72.33527132,78.75830565,82.36644759,47.49513619,98.94076956,59.59008692,63.48897536,34.85741971,54.50875486,67.9227251,91.78663714,86.70557717,85.48421963,50.84769316,49.34743839,20.10561423,73.31093031
31/08/2021,38.19980695,53.57142857,75.48045866,45.8011583,66.42736486,57.34496124,89.09266409,36.16619867,72.81531532,81.29826255,80.87124391,41.91799903,72.71748493,66.41511642,52.82945736,34.27192499,55.10658915,72.51801986,77.47747748,87.54665518,80.67614126,44.11960133,49.16828165,22.56090808,81.88865398
30/09/2021,36.94711538,55.91947115,74.36454311,42.78311966,61.72475962,53.15637066,75.38461538,23.80681818,73.21634615,81.81662088,78.65384615,51.53535232,79.57957958,67.21445221,85.88159588,34.65659341,55.97490347,71.35406083,84.23992674,86.92263692,79.35435435,43.06122449,45.88159588,24.35741864,82.53773254
31/10/2021,35.65955118,65.5651341,50.99759615,34.31247339,72.37787356,50.5,88.2183908,23.73301985,76.2835249,83.24438971,79.6643345,46.06069712,93.5042735,66.63764078,63.37179487,37.35905857,53.50961538,70.73211876,90.90494435,87.18660969,75.80876068,41.31868132,44.24679487,23.78571429,75.17482517
30/11/2021,33.71046892,60.57967557,64.53943167,36.88507209,63.94322519,44.54501916,91.66666667,32.98056905,77.56520356,87.49659215,83.37412878,58.42911877,83.35461899,71.53597039,63.48659004,41.55670665,50.75670498,74.99495866,89.84005816,88.0587484,73.51532567,58.0952381,44.12515964,23.08155446,72.4137931
31/12/2021,36.09451385,59.95722433,76.34382952,45.57456696,68.77970532,41.87022901,88.49809886,41.08192188,82.55228137,88.08392178,83.40841461,62.07359256,92.17557252,73.1132619,72.5826972,39.8139598,44.37977099,78.94736842,84.56454825,88.14673452,78.81467345,59.7655398,42.29484733,25.38440567,72.77931992
31/01/2022,30.93885281,61.84895833,71.70072877,42.69255051,47.91666667,52.28612167,91.22474747,32.46814738,75.22727273,82.86661255,78.64171607,59.10765209,85.04435995,70.9251607,81.96451204,48.78382035,48.4743346,80.85517977,82.71103896,85.71327982,78.8973384,58.70722433,42.31226236,25.38565997,74.50743173
28/02/2022,33.25471698,60.05896226,59.5959596,53.50104822,38.2134434,54.74431818,87.64150943,28.44339623,72.32232704,85.23247978,84.23297785,52.01526989,86.76346801,85.85477416,52.53787879,52.6212938,53.24337121,81.59888357,76.07367475,85.29040404,80.0462963,66.2202381,42.27825126,29.59145022,57.61019284
31/03/2022,26.41984425,61.20770677,71.62342767,37.73496241,41.07730263,46.5990566,86.96741855,18.05365687,71.60557644,87.08713749,82.8252697,46.43867925,86.3312369,83.3789018,66.62893082,58.59828142,54.26415094,85.27970871,80.73755818,87.38644305,82.20545073,73.43396226,45.2672956,29.67924528,55.54030875
30/04/2022,26.28410915,62.5585206,83.38815789,40.31939243,37.10205993,44.33740602,81.89762797,27.31528771,70.13576779,85.37988229,83.51856375,39.66165414,94.04761905,81.26205879,56.60401003,64.3846977,60.09868421,88.6096821,73.27447833,89.28571429,85.42710944,79.43609023,43.84398496,37.20461869,54.28913192
31/05/2022,27.93176972,60.76259328,81.55040574,39.34494196,39.0858209,39.04962547,76.52363184,20.46726594,69.21330846,82.03291578,81.08168397,39.43117978,94.4028298,73.85232926,63.25842697,64.82809168,58.54868914,87.00965898,77.14108031,88.95131086,85.74178111,81.82718031,35.83801498,43.60888175,47.53149472
30/06/2022,20.79129049,46.79948885,67.84437189,30.70528707,38.9695632,37.50932836,78.87236679,11.08060155,61.41109046,80.49986723,80.33376434,23.8048041,90.94112769,71.69088656,64.73880597,71.64232608,63.22761194,86.90429432,67.40130997,89.144555,79.43200663,84.56823028,31.63090796,55.21588486,39.06037992
31/07/2022,20.5952381,22.87037037,55.32450434,31.54320988,60.90277778,32.89033457,73.7345679,9.14983165,62.39660494,81.1276455,86.41304348,20.75975836,93.37050805,70.62289562,64.79553903,68.78306878,52.74163569,88.60301311,51.60493827,88.8957731,72.57744734,85.68242167,30.37097274,61.50557621,39.99662048
31/08/2022,28.22548761,21.63860701,54.18595679,37.09512095,61.81964945,28.86574074,77.61377614,37.73901375,59.44341943,81.03584607,81.99302102,19.5775463,83.7037037,54.20440568,59.22222222,72.72535582,64.8287037,87.34567901,38.13916711,83.42249657,70.23251029,84.23544974,32.76234568,65.29365079,38.63636364
30/09/2022,33.93185399,27.86075368,53.33256458,39.65992647,62.08065257,28.79151292,67.95343137,48.27874332,60.43351716,77.95430672,80.35685742,23.64506458,78.2902829,55.8043672,62.66912669,73.24711134,66.62361624,82.66653719,26.51435574,64.69181358,66.85731857,84.98945704,36.16236162,66.95044808,30.34216706
31/10/2022,34.54016222,23.23145604,58.86948529,43.91025641,38.79349817,40.58363971,69.71916972,41.17965368,59.00030525,75.02943485,79.19055582,21.90946691,79.51388889,56.95970696,62.61029412,75.38461538,58.69025735,78.54102167,37.27542299,56.84232026,62.06495098,86.64390756,33.68183211,68.99684874,25.5013369
30/11/2022,28.87773723,16.73129562,52.251221,40.0243309,47.67335766,37.20695971,54.34914842,37.84837425,51.36253041,71.68925965,79.67311964,20.66735348,75.94627595,61.51846937,67.50915751,73.89728884,57.54120879,76.58890817,46.53284672,61.51811152,58.22954823,86.60648875,34.93589744,71.44688645,27.93872794
31/12/2022,33.08116883,18.35227273,38.86100973,42.9040404,33.63636364,48.33029197,45.33333333,51.79752066,55.95757576,69.82792208,76.66007905,18.98665602,48.47931873,62.55647383,59.45255474,66.71038961,60.9899635,70.98220003,29.50649351,61.8883482,58.34752636,86.78832117,36.96776156,73.72002086,21.94757797
31/01/2023,39.55421843,19.55955616,29.90530303,41.29428341,44.72939312,39.38181818,75.18115942,56.2294137,60.36986715,73.16252588,78.53851607,20.75,34.74747475,63.47716293,53.27272727,63.23757764,65.49545455,66.55821372,20.48826777,45.23232323,61.7030303,84.06233766,37.85606061,75.63376623,24.62809917
28/02/2023,49.27153172,28.33935018,33.69187802,47.95427196,53.3224278,45.50271739,77.04572804,54.40597309,57.23977136,74.52294997,76.68929524,30.16021286,81.5821256,47.97615141,44.91545894,66.87467767,54.07608696,68.62128146,27.85800241,51.71095008,63.99959742,80.6573499,37.92270531,75.16045549,26.64690382
31/03/2023,45.33658787,24.39860612,33.99518652,52.32314149,34.75157374,45.49638989,62.97961631,45.47498365,52.29916067,69.0840185,75.23654989,34.22269856,66.7468913,53.0793547,44.39229844,62.68499486,45.45577617,67.23985053,26.03631381,45.45393769,66.50621741,80.91284167,25.36853189,75.46673543,29.50443059
30/04/2023,42.83474142,28.13060036,40.32523981,57.49203505,49.88799283,40.10791367,50.44802867,39.15770609,54.8760454,67.8219406,73.66954963,34.49584083,43.92486011,52.25372,43.24940048,62.68817204,53.04856115,62.97488325,27.76071002,34.09938716,70.57953637,75.94552929,30.06594724,74.13412127,44.91497711
31/05/2023,37.92729592,27.58928571,43.44758065,50.77876984,17.77901786,36.53225806,53.51190476,35.96590909,47.39285714,65.91836735,74.62732919,34.93223566,52.52887296,44.9512987,41.25448029,66.51785714,52.71953405,60.07357102,29.14115646,27.02110713,75.04181601,74.3343574,35.03584229,73.43573989,43.48321929
30/06/2023,52.69763599,25.67282028,38.54910714,57.11743772,43.69439502,36.38839286,59.90510083,58.87253316,47.64086595,69.58566345,74.9149002,44.62053571,25.99206349,48.80836838,41.10714286,65.73462125,53.50446429,56.61967419,26.5717675,19.17328042,76.55753968,73.36989796,46.04166667,72.19132653,45.63311688
31/07/2023,54.12550659,22.19636525,36.18401542,52.97970843,45.25155142,49.3772242,46.86761229,66.98903933,48.96276596,64.75113982,71.1281992,42.52669039,37.20838276,48.75886525,46.34638197,65.96631206,47.03736655,56.17468939,28.57987166,19.21049163,79.08461843,72.76563294,44.65821471,69.94916116,47.71918473
31/08/2023,57.272211,24.5914311,35.87470449,56.34570082,34.94368375,48.07180851,48.88103651,62.11451976,46.60924617,63.66418476,71.24750346,44.74734043,61.99763593,39.1101831,52.99054374,65.71176174,54.27748227,54.43884534,22.95137136,19.82532178,77.79156816,72.87234043,44.11199764,70.28622087,42.31141199
30/09/2023,50.78910966,36.10255282,38.92446996,58.00567293,37.08736796,43.77650177,61.70774648,51.99663892,47.44865023,60.91863682,72.14291182,30.37212898,41.46054181,41.75736236,54.68786808,66.3028169,40.65812721,58.02492096,30.57511737,43.19460804,74.89890067,74.42705704,53.4967609,68.31650681,38.75682621
31/10/2023,38.69987469,43.65131579,50.12837441,52.63157895,37.80701754,43.40669014,48.30409357,37.29665072,42.2002924,54.86215539,68.83676583,33.76430458,53.11032864,41.8128655,59.70657277,69.81203008,59.60827465,60.56646899,45.73099415,54.2057903,68.97300469,70.46277666,52.43177817,68.34004024,28.79321383
30/11/2023,40.76236264,38.21022727,29.79897661,53.47707848,42.11101399,41.55263158,54.25407925,38.45359186,53.19347319,54.07405095,67.12526604,33.18804825,61.96881092,36.68679805,56.01169591,60.30094905,62.30263158,59.19975377,44.32234432,36.5497076,64.66276803,71.73182957,51.14766082,67.66165414,31.83413078
31/12/2023,48.33561473,23.51916376,36.05405012,54.66511808,41.46341463,46.66520979,63.18234611,54.07031992,45.86091754,50.44798407,69.99697016,40.97738199,50.23310023,36.0363214,56.53846154,48.23792932,59.02972028,56.25383389,36.2618218,30.37425537,63.88500389,69.0959041,44.62412587,62.36513487,32.59694851
31/01/2024,57.83110119,23.42664931,42.29094077,59.5148534,43.72829861,56.73780488,43.1712963,69.21164773,50.63368056,53.81944444,70.29362923,51.99259582,58.09136663,40.18834175,63.17073171,46.62574405,51.08449477,55.41597897,29.77843915,29.0295522,64.67092528,60.6097561,46.60278746,59.34295669,35.17579981
29/02/2024,55.07909046,32.1583045,25.11574074,54.77700884,52.30860727,46.10677083,45.76124567,63.41223655,44.07727797,52.11010875,69.59530615,41.95692274,34.33641975,43.85551012,69.6875,48.11789422,42.15277778,56.45102339,30.63107596,30.44624486,68.94772377,58.62847222,47.17881944,56.58482143,33.41224747
31/03/2024,58.11268473,33.90086207,36.21323529,50.55076628,62.34913793,39.57612457,50.91954023,62.13557994,45.86494253,55.20012315,70.66716642,51.6679282,15.26336025,44.40961338,73.64475202,49.86206897,49.08304498,56.34674923,44.17077176,42.79764193,68.83890811,65.47701434,39.02825836,58.16608997,34.2875118
30/04/2024,50.20557192,39.67998282,33.72126437,45.58037419,31.57753436,35.53017241,54.26689576,50.5662293,45.38802978,52.16003927,68.42970267,44.375,27.31800766,43.43434343,72.72413793,51.60407462,39.63362069,56.90865094,47.07085583,40.1596424,72.76245211,64.46305419,33.20761494,55.25862069,35.81504702
31/05/2024,44.31873777,40.7427226,43.96835624,41.80936073,53.94905822,45.48109966,57.56278539,51.13636364,44.03110731,53.34209883,68.2176891,43.35534794,22.56586483,38.58966376,73.20733104,50.11986301,46.81701031,56.15542292,37.89954338,49.83454245,73.11760214,69.43544428,33.45504009,55.56455572,32.7241487
30/06/2024,39.61482204,39.8890785,42.71546804,48.99032992,35.89483788,45.2140411,43.82821388,37.3952839,41.83162685,50.6582155,63.40146906,30.58112158,27.58751903,39.14055228,72.9109589,53.19478303,44.22089041,54.8035328,48.60230782,34.95053272,71.28900304,64.57681018,43.36472603,57.51223092,32.02054795
31/07/2024,33.15415452,36.09693878,51.2620876,46.0175737,52.14179422,41.11348123,58.9569161,33.23283859,34.64002268,51.36661808,62.11180124,34.63897184,41.20212363,38.92496392,67.38339022,47.29348882,51.91552901,48.91922639,43.18108196,32.77082543,69.31171786,60.00731351,43.68600683,58.18137494,25.95408005
31/08/2024,32.17009685,38.50635593,47.60841837,32.9613936,36.79555085,40.82908163,50.39548023,48.93682589,39.01412429,48.85895884,60.24871039,32.9772534,36.43235072,39.80482794,70.60090703,38.78692494,44.49829932,43.93125671,36.65052462,35.64499874,67.67573696,58.02964043,43.81731859,54.68901846,30.7668522
30/09/2024,40.1695222,48.06798986,41.85381356,46.25093844,46.57939189,36.54237288,53.99774775,52.91001229,42.19313063,49.18255309,62.29068743,38.18326271,36.43235072,38.07330057,64.55367232,32.45173745,55.58898305,41.72167707,37.33108108,32.74952919,65.99435028,46.72154964,36.9279661,51.6125908,33.32819723
31/10/2024,46.27875982,61.02693603,36.58502252,49.91056397,39.6412037,38.24746622,53.99774775,64.49724518,46.49222106,48.81854257,60.59508125,45.88524071,59.96621622,35.70554025,64.55367232,32.45173745,55.58898305,45.47475107,37.33108108,33.08933934,65.99435028,38.51110039,36.74690315,47.90057915,24.14004914
